"SecurityGroupName","whenCreated","whenChanged","SamAccountName","distinguishedName"
"1256-xerox255 Group","9/3/2008 3:02:52 PM","2/18/2021 9:28:56 AM","1256-xerox255 Group","CN=1256-xerox255 Group,OU=Printer Groups,OU=HSC,DC=HS,DC=wvu-ad,DC=wvu,DC=edu"
"g252-minolta-223","7/24/2018 1:44:31 PM","6/25/2021 2:22:25 PM","g252-minolta-223","CN=g252-minolta-223,OU=Printer Groups,OU=HSC,DC=HS,DC=wvu-ad,DC=wvu,DC=edu"
"G16-hplj2480 Group","4/8/2008 2:19:06 PM","2/18/2021 9:28:57 AM","G16-hplj2480 Group","CN=G16-hplj2480 Group,OU=Printer Groups,OU=HSC,DC=HS,DC=wvu-ad,DC=wvu,DC=edu"
"4612-ob-hp3800 Group","9/3/2008 3:02:53 PM","2/18/2021 9:28:56 AM","4612-ob-hp3800","CN=4612-ob-hp3800 Group,OU=Printer Groups,OU=HSC,DC=HS,DC=wvu-ad,DC=wvu,DC=edu"
"4305-Ricohc4503","4/10/2014 2:22:24 PM","10/29/2021 2:57:56 PM","4305-Ricohc4503","CN=4305-Ricohc4503,OU=Printer Groups,OU=HSC,DC=HS,DC=wvu-ad,DC=wvu,DC=edu"
"3123-bizhub350","5/23/2011 10:25:15 AM","3/2/2021 1:13:35 PM","3123-bizhub350","CN=3123-bizhub350,OU=Printer Groups,OU=HSC,DC=HS,DC=wvu-ad,DC=wvu,DC=edu"
"annex-208a-hp2600n Group","3/6/2020 9:20:37 AM","2/18/2021 9:28:57 AM","annex-208a-hp2600n Group","CN=annex-208a-hp2600n Group,OU=Printer Groups,OU=HSC,DC=HS,DC=wvu-ad,DC=wvu,DC=edu"
"4041-ricoh Group","9/3/2008 3:02:53 PM","2/18/2021 9:28:56 AM","4041-ricoh","CN=4041-ricoh Group,OU=Printer Groups,OU=HSC,DC=HS,DC=wvu-ad,DC=wvu,DC=edu"
"g213-hpljp1606dn Group","5/22/2012 9:04:54 AM","10/20/2021 1:42:50 PM","g213-hpljp1606dn Group","CN=g213-hpljp1606dn Group,OU=Printer Groups,OU=HSC,DC=HS,DC=wvu-ad,DC=wvu,DC=edu"
"1157-HP4050 Group","9/3/2008 3:02:52 PM","2/18/2021 9:28:56 AM","1157-HP4050","CN=1157-HP4050 Group,OU=Printer Groups,OU=HSC,DC=HS,DC=wvu-ad,DC=wvu,DC=edu"
"2200-hp2035n","9/1/2011 8:28:27 AM","2/18/2021 9:28:56 AM","2200-hp2035n","CN=2200-hp2035n,OU=Printer Groups,OU=HSC,DC=HS,DC=wvu-ad,DC=wvu,DC=edu"
"erma112-hplj200 Group","6/9/2014 3:12:55 PM","2/18/2021 9:28:57 AM","erma112-hplj200 Group","CN=erma112-hplj200 Group,OU=Printer Groups,OU=HSC,DC=HS,DC=wvu-ad,DC=wvu,DC=edu"
"1168-hp9130","5/3/2010 9:41:22 AM","2/18/2021 9:28:56 AM","1168-hp9130","CN=1168-hp9130,OU=Printer Groups,OU=HSC,DC=HS,DC=wvu-ad,DC=wvu,DC=edu"
"rni1-minolta-c368 Group","5/2/2017 9:17:13 AM","11/16/2021 2:58:53 PM","rni1-minolta-c368 Group","CN=rni1-minolta-c368 Group,OU=Printer Groups,OU=HSC,DC=HS,DC=wvu-ad,DC=wvu,DC=edu"
"1256-minoltac224e Group","8/30/2013 10:29:27 AM","11/16/2021 1:39:53 PM","1256-minoltac224e Group","CN=1256-minoltac224e Group,OU=Printer Groups,OU=HSC,DC=HS,DC=wvu-ad,DC=wvu,DC=edu"
"lc-color Group","11/5/2009 10:41:43 AM","2/18/2021 9:28:57 AM","lc-color Group","CN=lc-color Group,OU=Printer Groups,OU=HSC,DC=HS,DC=wvu-ad,DC=wvu,DC=edu"
"1136c-minolta-c258 Group","4/26/2016 2:30:12 PM","2/18/2021 9:28:56 AM","1136c-minolta-c258 Group","CN=1136c-minolta-c258 Group,OU=Printer Groups,OU=HSC,DC=HS,DC=wvu-ad,DC=wvu,DC=edu"
"3014-minolta420 Group","4/18/2012 11:28:33 AM","2/18/2021 9:28:56 AM","3014-minolta420 Group","CN=3014-minolta420 Group,OU=Printer Groups,OU=HSC,DC=HS,DC=wvu-ad,DC=wvu,DC=edu"
"rni-1N230-minolta-c224e Group","8/11/2020 12:19:21 PM","11/18/2021 2:45:26 PM","rni-1N230-minolta-c224e Group","CN=rni-1N230-minolta-c224e Group,OU=Printer Groups,OU=HSC,DC=HS,DC=wvu-ad,DC=wvu,DC=edu"
"1144-hpcp4025 Group","7/11/2014 3:21:11 PM","2/18/2021 9:28:56 AM","1144-hpcp4025 Group","CN=1144-hpcp4025 Group,OU=Printer Groups,OU=HSC,DC=HS,DC=wvu-ad,DC=wvu,DC=edu"
"4082-minolta-c3100p Group","9/15/2020 2:10:57 PM","7/6/2021 10:04:34 AM","4082-minolta-c3100p Group","CN=4082-minolta-c3100p Group,OU=Printer Groups,OU=HSC,DC=HS,DC=wvu-ad,DC=wvu,DC=edu"
"4052-minolta Group","9/3/2008 3:02:53 PM","2/18/2021 9:28:56 AM","4052-minolta","CN=4052-minolta Group,OU=Printer Groups,OU=HSC,DC=HS,DC=wvu-ad,DC=wvu,DC=edu"
"4055-minolta-c258 Group","11/29/2017 8:51:13 AM","9/21/2021 8:44:13 AM","4055-minolta-c258 Group","CN=4055-minolta-c258 Group,OU=Printer Groups,OU=HSC,DC=HS,DC=wvu-ad,DC=wvu,DC=edu"
"g176-hpljpM426fdn Group","6/22/2012 3:01:48 PM","11/17/2021 10:36:06 AM","g176-hpljpM426fdn Group","CN=g176-hpljpM426fdn Group,OU=Printer Groups,OU=HSC,DC=HS,DC=wvu-ad,DC=wvu,DC=edu"
"4086-hplj2015 Group","9/3/2008 3:02:53 PM","2/18/2021 9:28:56 AM","4086-hplj2015","CN=4086-hplj2015 Group,OU=Printer Groups,OU=HSC,DC=HS,DC=wvu-ad,DC=wvu,DC=edu"
"g214-hpljp255dn Group","9/6/2018 12:50:38 PM","11/1/2021 12:59:35 PM","g214-hpljp255dn Group","CN=g214-hpljp255dn Group,OU=Printer Groups,OU=HSC,DC=HS,DC=wvu-ad,DC=wvu,DC=edu"
"erma325-ricoh Group","9/13/2010 12:28:15 PM","2/18/2021 9:28:57 AM","erma325-ricoh Group","CN=erma325-ricoh Group,OU=Printer Groups,OU=HSC,DC=HS,DC=wvu-ad,DC=wvu,DC=edu"
"peds_4637_hplj4 Group","5/12/2009 2:35:13 PM","2/18/2021 9:28:57 AM","peds_4637_hplj4 Group","CN=peds_4637_hplj4 Group,OU=Printer Groups,OU=HSC,DC=HS,DC=wvu-ad,DC=wvu,DC=edu"
"g280a-minoltac25 Group","10/18/2012 2:55:21 PM","2/18/2021 9:28:57 AM","g280a-minoltac25 Group","CN=g280a-minoltac25 Group,OU=Printer Groups,OU=HSC,DC=HS,DC=wvu-ad,DC=wvu,DC=edu"
"H-NDC-DR-RM107-PTR Group","7/16/2020 12:22:24 PM","2/18/2021 9:28:57 AM","H-NDC-DR-RM107-PTR Group","CN=H-NDC-DR-RM107-PTR Group,OU=Printer Groups,OU=HSC,DC=HS,DC=wvu-ad,DC=wvu,DC=edu"
"3004-bro4070 Group","9/3/2008 3:02:52 PM","2/18/2021 9:28:56 AM","3004-bro4070","CN=3004-bro4070 Group,OU=Printer Groups,OU=HSC,DC=HS,DC=wvu-ad,DC=wvu,DC=edu"
"4626-minolta-223 Group","3/2/2021 10:28:16 AM","10/6/2021 10:19:59 AM","4626-minolta-223 Group","CN=4626-minolta-223 Group,OU=Printer Groups,OU=HSC,DC=HS,DC=wvu-ad,DC=wvu,DC=edu"
"G249-hp6480 Group","9/19/2008 11:37:52 AM","2/18/2021 9:28:57 AM","G249-hp6480 Group","CN=G249-hp6480 Group,OU=Printer Groups,OU=HSC,DC=HS,DC=wvu-ad,DC=wvu,DC=edu"
"3603-lexmarkx792 group","7/1/2014 1:18:21 PM","2/18/2021 9:28:56 AM","3603-lexmarkx792 group","CN=3603-lexmarkx792 group,OU=Printer Groups,OU=HSC,DC=HS,DC=wvu-ad,DC=wvu,DC=edu"
"2278-hp4240 gROUP","8/5/2010 10:24:38 AM","2/18/2021 9:28:56 AM","2278-hp4240 gROUP","CN=2278-hp4240 gROUP,OU=Printer Groups,OU=HSC,DC=HS,DC=wvu-ad,DC=wvu,DC=edu"
"g135-hplj4240 Group","9/3/2008 3:02:53 PM","2/18/2021 9:28:57 AM","g135-hplj4240","CN=g135-hplj4240 Group,OU=Printer Groups,OU=HSC,DC=HS,DC=wvu-ad,DC=wvu,DC=edu"
"g270-hp4005-aa06 Group","2/12/2009 3:08:21 PM","8/10/2021 7:38:45 AM","g270-hp4005-aa06 Group","CN=g270-hp4005-aa06 Group,OU=Printer Groups,OU=HSC,DC=HS,DC=wvu-ad,DC=wvu,DC=edu"
"4099-hppro8600 Group","10/25/2013 11:26:03 AM","2/18/2021 9:28:56 AM","4099-hppro8600 Group","CN=4099-hppro8600 Group,OU=Printer Groups,OU=HSC,DC=HS,DC=wvu-ad,DC=wvu,DC=edu"
"8707h-minolta-c3110 Group","4/28/2016 6:49:54 AM","2/18/2021 9:28:57 AM","8707h-minolta-c3110 Group","CN=8707h-minolta-c3110 Group,OU=Printer Groups,OU=HSC,DC=HS,DC=wvu-ad,DC=wvu,DC=edu"
"erma-370-minolta-c3110 Group","4/5/2018 8:44:38 AM","10/20/2021 1:44:28 PM","erma-370-minolta-c3110 Group","CN=erma-370-minolta-c3110 Group,OU=Printer Groups,OU=HSC,DC=HS,DC=wvu-ad,DC=wvu,DC=edu"
"4305-Ricohc4503-DL","5/12/2014 1:22:48 PM","9/7/2021 1:06:11 PM","4305-Ricohc4503-DL","CN=4305-Ricohc4503-DL,OU=Printer Groups,OU=HSC,DC=HS,DC=wvu-ad,DC=wvu,DC=edu"
"1137a-minolta Group","9/3/2008 3:02:52 PM","2/18/2021 9:28:56 AM","1137a-minolta","CN=1137a-minolta Group,OU=Printer Groups,OU=HSC,DC=HS,DC=wvu-ad,DC=wvu,DC=edu"
"8707-minolta-c368 Group","7/24/2018 12:07:54 PM","11/1/2021 9:59:22 AM","8707-minolta-c368 Group","CN=8707-minolta-c368 Group,OU=Printer Groups,OU=HSC,DC=HS,DC=wvu-ad,DC=wvu,DC=edu"
"2350-HP2400 Group","9/3/2008 3:02:52 PM","2/18/2021 9:28:56 AM","2350-HP2400","CN=2350-HP2400 Group,OU=Printer Groups,OU=HSC,DC=HS,DC=wvu-ad,DC=wvu,DC=edu"
"4411-minolta-c258 Group","9/6/2018 1:18:37 PM","11/29/2021 8:16:03 AM","4411-minolta-c258 Group","CN=4411-minolta-c258 Group,OU=Printer Groups,OU=HSC,DC=HS,DC=wvu-ad,DC=wvu,DC=edu"
"g111-minolta-c3110 Group","5/29/2019 3:55:58 PM","2/23/2021 8:36:48 AM","g111-minolta-c3110 Group","CN=g111-minolta-c3110 Group,OU=Printer Groups,OU=HSC,DC=HS,DC=wvu-ad,DC=wvu,DC=edu"
"4500-hp4100 Group","9/30/2008 4:18:27 PM","2/18/2021 9:28:56 AM","4500-hp4100 Group","CN=4500-hp4100 Group,OU=Printer Groups,OU=HSC,DC=HS,DC=wvu-ad,DC=wvu,DC=edu"
"g281-hp2840","8/15/2011 11:34:03 AM","2/18/2021 9:28:57 AM","g281-hp2840","CN=g281-hp2840,OU=Printer Groups,OU=HSC,DC=HS,DC=wvu-ad,DC=wvu,DC=edu"
"2306-hpljp1606dn","4/4/2012 10:54:23 AM","2/18/2021 9:28:56 AM","2306-hpljp1606dn","CN=2306-hpljp1606dn,OU=Printer Groups,OU=HSC,DC=HS,DC=wvu-ad,DC=wvu,DC=edu"
"1265-minolta-c364 Group","6/14/2018 2:58:25 PM","9/13/2021 3:18:39 PM","1265-minolta-c364 Group","CN=1265-minolta-c364 Group,OU=Printer Groups,OU=HSC,DC=HS,DC=wvu-ad,DC=wvu,DC=edu"
"erma116-hpm451nw Group","3/26/2021 9:25:17 AM","8/31/2021 9:11:45 AM","erma116-hpm451nw Group","CN=erma116-hpm451nw Group,OU=Printer Groups,OU=HSC,DC=HS,DC=wvu-ad,DC=wvu,DC=edu"
"3040-hp1020 Group","9/3/2008 3:02:52 PM","2/18/2021 9:28:56 AM","3040-hp1020","CN=3040-hp1020 Group,OU=Printer Groups,OU=HSC,DC=HS,DC=wvu-ad,DC=wvu,DC=edu"
"8707c-minolta-c3110 Group","3/20/2017 10:25:10 AM","2/18/2021 9:28:57 AM","8707c-minolta-c3110 Group","CN=8707c-minolta-c3110 Group,OU=Printer Groups,OU=HSC,DC=HS,DC=wvu-ad,DC=wvu,DC=edu"
"g181b-hp800 Group","9/3/2008 3:02:54 PM","2/18/2021 9:28:57 AM","g181b-hp800","CN=g181b-hp800 Group,OU=Printer Groups,OU=HSC,DC=HS,DC=wvu-ad,DC=wvu,DC=edu"
"3040-hp4100 Group","8/4/2010 4:38:24 PM","2/18/2021 9:28:56 AM","3040-hp4100 Group","CN=3040-hp4100 Group,OU=Printer Groups,OU=HSC,DC=HS,DC=wvu-ad,DC=wvu,DC=edu"
"3066-dell-1320 Group","5/7/2009 3:54:02 PM","2/18/2021 9:28:56 AM","3066-dell-1320 Group","CN=3066-dell-1320 Group,OU=Printer Groups,OU=HSC,DC=HS,DC=wvu-ad,DC=wvu,DC=edu"
"G350-brother-9340cdw Group","5/7/2010 3:22:18 PM","2/18/2021 9:28:57 AM","G350-brother-9340cdw Group","CN=G350-brother-9340cdw Group,OU=Printer Groups,OU=HSC,DC=HS,DC=wvu-ad,DC=wvu,DC=edu"
"4403-hp3005 Group","5/7/2009 3:55:12 PM","9/21/2021 2:38:28 PM","4403-hp3005 Group","CN=4403-hp3005 Group,OU=Printer Groups,OU=HSC,DC=HS,DC=wvu-ad,DC=wvu,DC=edu"
"B040-HP5000 Group","9/3/2008 3:02:53 PM","2/18/2021 9:28:57 AM","B040-HP5000","CN=B040-HP5000 Group,OU=Printer Groups,OU=HSC,DC=HS,DC=wvu-ad,DC=wvu,DC=edu"
"6500-hpljp2035n Group","2/24/2012 8:52:37 AM","2/18/2021 9:28:56 AM","6500-hpljp2035n Group","CN=6500-hpljp2035n Group,OU=Printer Groups,OU=HSC,DC=HS,DC=wvu-ad,DC=wvu,DC=edu"
"g176-hpljp1606dn Group","5/22/2012 9:26:00 AM","2/18/2021 9:28:57 AM","g176-hpljp1606dn Group","CN=g176-hpljp1606dn Group,OU=Printer Groups,OU=HSC,DC=HS,DC=wvu-ad,DC=wvu,DC=edu"
"1146-hp2025 Group","5/12/2009 12:23:29 PM","2/18/2021 9:28:56 AM","1146-hp2025 Group","CN=1146-hp2025 Group,OU=Printer Groups,OU=HSC,DC=HS,DC=wvu-ad,DC=wvu,DC=edu"
"cblc-canon5570 Group","9/3/2008 3:02:54 PM","2/18/2021 9:28:57 AM","cblc-canon5570","CN=cblc-canon5570 Group,OU=Printer Groups,OU=HSC,DC=HS,DC=wvu-ad,DC=wvu,DC=edu"
"ADUC","1/20/2011 2:27:06 PM","2/18/2021 9:28:57 AM","ADUC","CN=ADUC,OU=Printer Groups,OU=HSC,DC=HS,DC=wvu-ad,DC=wvu,DC=edu"
"rni2-back-C368 Group","5/7/2019 2:22:22 PM","11/18/2021 10:46:31 AM","rni2-back-c368 Group","CN=rni2-back-C368 Group,OU=Printer Groups,OU=HSC,DC=HS,DC=wvu-ad,DC=wvu,DC=edu"
"G290-ETRU-Printer Group","9/3/2008 3:02:53 PM","11/18/2021 11:19:29 AM","G290-ETRU-Printer","CN=G290-ETRU-Printer Group,OU=Printer Groups,OU=HSC,DC=HS,DC=wvu-ad,DC=wvu,DC=edu"
"8707h-hplj Group","9/3/2008 3:02:53 PM","2/18/2021 9:28:57 AM","8707h-hplj","CN=8707h-hplj Group,OU=Printer Groups,OU=HSC,DC=HS,DC=wvu-ad,DC=wvu,DC=edu"
"2038-brother5170dnlt Group","4/15/2010 2:03:46 PM","2/18/2021 9:28:56 AM","2038-brother5170dnlt Group","CN=2038-brother5170dnlt Group,OU=Printer Groups,OU=HSC,DC=HS,DC=wvu-ad,DC=wvu,DC=edu"
"6400-toshiba Group","9/3/2008 3:02:53 PM","2/18/2021 9:28:56 AM","6400-toshiba","CN=6400-toshiba Group,OU=Printer Groups,OU=HSC,DC=HS,DC=wvu-ad,DC=wvu,DC=edu"
"5615-Brother-hl2270dw group","6/1/2016 3:54:53 PM","2/18/2021 9:28:56 AM","5615-Brother-hl2270dw group","CN=5615-Brother-hl2270dw group,OU=Printer Groups,OU=HSC,DC=HS,DC=wvu-ad,DC=wvu,DC=edu"
"H-CRH1-MAILRM Group","1/19/2021 8:48:23 AM","8/17/2021 11:15:08 AM","H-CRH1-MAILRM Group","CN=H-CRH1-MAILRM Group,OU=Printer Groups,OU=HSC,DC=HS,DC=wvu-ad,DC=wvu,DC=edu"
"2225c-minolta-c364","6/13/2019 9:26:47 AM","9/22/2021 1:41:23 PM","2225c-minolta-c364","CN=2225c-minolta-c364,OU=Printer Groups,OU=HSC,DC=HS,DC=wvu-ad,DC=wvu,DC=edu"
"6700i-hplj2015 Group","1/8/2009 10:47:11 AM","2/18/2021 9:28:56 AM","6700i-hplj2015 Group","CN=6700i-hplj2015 Group,OU=Printer Groups,OU=HSC,DC=HS,DC=wvu-ad,DC=wvu,DC=edu"
"g102-minoltac25 Group","6/21/2012 9:33:53 AM","2/18/2021 9:28:57 AM","g102-minoltac25 Group","CN=g102-minoltac25 Group,OU=Printer Groups,OU=HSC,DC=HS,DC=wvu-ad,DC=wvu,DC=edu"
"erma-126-hp4500","2/2/2011 2:52:47 PM","2/18/2021 9:28:57 AM","erma-126-hp4500","CN=erma-126-hp4500,OU=Printer Groups,OU=HSC,DC=HS,DC=wvu-ad,DC=wvu,DC=edu"
"erma2-204-bro-9440 Group","3/16/2009 10:21:43 AM","2/18/2021 9:28:57 AM","erma2-204-bro-9440 Group","CN=erma2-204-bro-9440 Group,OU=Printer Groups,OU=HSC,DC=HS,DC=wvu-ad,DC=wvu,DC=edu"
"2181-minolta600","9/17/2008 8:41:43 AM","8/3/2021 11:34:43 AM","2181-minolta600","CN=2181-minolta600,OU=Printer Groups,OU=HSC,DC=HS,DC=wvu-ad,DC=wvu,DC=edu"
"2181-minoltac25","4/13/2012 9:49:52 AM","8/3/2021 11:33:43 AM","2181-minoltac25","CN=2181-minoltac25,OU=Printer Groups,OU=HSC,DC=HS,DC=wvu-ad,DC=wvu,DC=edu"
"2037-hpclj2840 Group","10/30/2008 9:48:56 AM","2/18/2021 9:28:56 AM","2037-hpclj2840 Group","CN=2037-hpclj2840 Group,OU=Printer Groups,OU=HSC,DC=HS,DC=wvu-ad,DC=wvu,DC=edu"
"2319-hpljp2035 Group","1/19/2011 11:29:11 AM","10/7/2021 8:22:03 AM","2319-hpljp2035 Group","CN=2319-hpljp2035 Group,OU=Printer Groups,OU=HSC,DC=HS,DC=wvu-ad,DC=wvu,DC=edu"
"RNI2-minolta-c224-CubeFarm Group","8/22/2019 2:44:11 PM","9/29/2021 12:44:57 PM","RNI2-minolta-c224-CubeFarm Group","CN=RNI2-minolta-c224-CubeFarm Group,OU=Printer Groups,OU=HSC,DC=HS,DC=wvu-ad,DC=wvu,DC=edu"
"3603-lext630 Group","8/4/2010 9:34:11 AM","2/18/2021 9:28:56 AM","3603-lext630 Group","CN=3603-lext630 Group,OU=Printer Groups,OU=HSC,DC=HS,DC=wvu-ad,DC=wvu,DC=edu"
"2160-ricohc320dn Group","9/27/2013 11:21:54 AM","8/9/2021 1:42:47 PM","2160-ricohc320dn Group","CN=2160-ricohc320dn Group,OU=Printer Groups,OU=HSC,DC=HS,DC=wvu-ad,DC=wvu,DC=edu"
"3603-minolta Group","9/3/2008 3:02:53 PM","2/18/2021 9:28:56 AM","3603-minolta","CN=3603-minolta Group,OU=Printer Groups,OU=HSC,DC=HS,DC=wvu-ad,DC=wvu,DC=edu"
"3601-hp3005n Group","1/11/2012 12:05:14 PM","2/18/2021 9:28:56 AM","3601-hp3005n Group","CN=3601-hp3005n Group,OU=Printer Groups,OU=HSC,DC=HS,DC=wvu-ad,DC=wvu,DC=edu"
"2235-hp2055dn Group","12/5/2011 10:18:41 AM","2/18/2021 9:28:56 AM","2235-hp2055dn Group","CN=2235-hp2055dn Group,OU=Printer Groups,OU=HSC,DC=HS,DC=wvu-ad,DC=wvu,DC=edu"
"4520-hp4250 Group","5/25/2017 9:41:31 AM","2/18/2021 9:28:56 AM","4520-hp4250 Group","CN=4520-hp4250 Group,OU=Printer Groups,OU=HSC,DC=HS,DC=wvu-ad,DC=wvu,DC=edu"
"g213-hpljt255dn group","6/13/2012 7:51:55 AM","10/20/2021 1:44:28 PM","g213-hpljt255dn group","CN=g213-hpljt255dn group,OU=Printer Groups,OU=HSC,DC=HS,DC=wvu-ad,DC=wvu,DC=edu"
"g111-hp2025dn Group","9/9/2009 10:07:07 AM","11/17/2021 12:51:12 PM","g111-hp2025dn Group","CN=g111-hp2025dn Group,OU=Printer Groups,OU=HSC,DC=HS,DC=wvu-ad,DC=wvu,DC=edu"
"g281b-lex-c510 Group","9/3/2008 3:02:54 PM","2/18/2021 9:28:57 AM","g281b-lex-c510","CN=g281b-lex-c510 Group,OU=Printer Groups,OU=HSC,DC=HS,DC=wvu-ad,DC=wvu,DC=edu"
"4086-minolta-c368","4/10/2017 3:34:37 PM","11/30/2021 9:48:19 AM","4086-minolta-c368","CN=4086-minolta-c368,OU=Printer Groups,OU=HSC,DC=HS,DC=wvu-ad,DC=wvu,DC=edu"
"1146-minolta-c3110 Group","11/9/2018 2:00:25 PM","8/17/2021 3:33:42 PM","1146-minolta-c3110 Group","CN=1146-minolta-c3110 Group,OU=Printer Groups,OU=HSC,DC=HS,DC=wvu-ad,DC=wvu,DC=edu"
"2164-Minolta-c3110 Group","8/14/2015 7:37:53 AM","10/8/2021 11:05:18 AM","2164-Minolta-c3110 Group","CN=2164-Minolta-c3110 Group,OU=Printer Groups,OU=HSC,DC=HS,DC=wvu-ad,DC=wvu,DC=edu"
"erma-321-hp4014 Group","5/29/2009 2:21:39 PM","2/18/2021 9:28:57 AM","erma-321-hp4014 Group","CN=erma-321-hp4014 Group,OU=Printer Groups,OU=HSC,DC=HS,DC=wvu-ad,DC=wvu,DC=edu"
"g100-minoltac25","10/1/2012 10:45:53 AM","2/18/2021 9:28:57 AM","g100-minoltac25","CN=g100-minoltac25,OU=Printer Groups,OU=HSC,DC=HS,DC=wvu-ad,DC=wvu,DC=edu"
"erma309-minolta-c3110 Group","9/6/2018 1:29:56 PM","2/18/2021 9:28:57 AM","erma309-minolta-c3110 Group","CN=erma309-minolta-c3110 Group,OU=Printer Groups,OU=HSC,DC=HS,DC=wvu-ad,DC=wvu,DC=edu"
"1122-minoltac220 Group","7/10/2012 10:12:26 AM","2/18/2021 9:28:56 AM","1122-minoltac220 Group","CN=1122-minoltac220 Group,OU=Printer Groups,OU=HSC,DC=HS,DC=wvu-ad,DC=wvu,DC=edu"
"2314-minolta420 Group","9/3/2008 3:02:52 PM","9/9/2021 8:44:10 AM","2314-minolta420","CN=2314-minolta420 Group,OU=Printer Groups,OU=HSC,DC=HS,DC=wvu-ad,DC=wvu,DC=edu"
"1168-minolta-c452 Group","6/11/2010 10:49:07 AM","8/24/2021 1:44:15 PM","1168-minolta-c452 Group","CN=1168-minolta-c452 Group,OU=Printer Groups,OU=HSC,DC=HS,DC=wvu-ad,DC=wvu,DC=edu"
"2350p-hp3505 Group","6/16/2009 9:18:25 AM","2/18/2021 9:28:56 AM","2350p-hp3505 Group","CN=2350p-hp3505 Group,OU=Printer Groups,OU=HSC,DC=HS,DC=wvu-ad,DC=wvu,DC=edu"
"4500_hplj4m Group","5/12/2009 2:29:55 PM","2/18/2021 9:28:56 AM","4500_hplj4m Group","CN=4500_hplj4m Group,OU=Printer Groups,OU=HSC,DC=HS,DC=wvu-ad,DC=wvu,DC=edu"
"1030-hplj-m227fdw Group","10/9/2019 10:50:56 AM","2/18/2021 9:28:56 AM","1030-hplj-m227fdw Group","CN=1030-hplj-m227fdw Group,OU=Printer Groups,OU=HSC,DC=HS,DC=wvu-ad,DC=wvu,DC=edu"
"g190m-hpljp2015 Group","5/21/2010 2:44:53 PM","2/18/2021 9:28:57 AM","g190m-hpljp2015 Group","CN=g190m-hpljp2015 Group,OU=Printer Groups,OU=HSC,DC=HS,DC=wvu-ad,DC=wvu,DC=edu"
"4737-cognitivedlx","5/12/2011 2:52:09 PM","2/18/2021 9:28:56 AM","4737-cognitivedlx","CN=4737-cognitivedlx,OU=Printer Groups,OU=HSC,DC=HS,DC=wvu-ad,DC=wvu,DC=edu"
"3040-hp3200 Group","9/3/2008 3:02:52 PM","2/18/2021 9:28:56 AM","3040-hp3200","CN=3040-hp3200 Group,OU=Printer Groups,OU=HSC,DC=HS,DC=wvu-ad,DC=wvu,DC=edu"
"g308-minoltac25 Group","7/10/2009 2:54:49 PM","2/18/2021 9:28:57 AM","g308-minoltac25 Group","CN=g308-minoltac25 Group,OU=Printer Groups,OU=HSC,DC=HS,DC=wvu-ad,DC=wvu,DC=edu"
"2271-minolta-c3110 Group","9/3/2008 3:02:52 PM","2/18/2021 9:28:56 AM","2271-minolta-c3110","CN=2271-minolta-c3110 Group,OU=Printer Groups,OU=HSC,DC=HS,DC=wvu-ad,DC=wvu,DC=edu"
"g353-hplj-p2055 Group","10/8/2019 8:46:55 AM","2/18/2021 9:28:57 AM","g353-hplj-p2055 Group","CN=g353-hplj-p2055 Group,OU=Printer Groups,OU=HSC,DC=HS,DC=wvu-ad,DC=wvu,DC=edu"
"4525b-HP4250 Group","9/3/2008 3:02:52 PM","2/18/2021 9:28:56 AM","4525b-HP4250","CN=4525b-HP4250 Group,OU=Printer Groups,OU=HSC,DC=HS,DC=wvu-ad,DC=wvu,DC=edu"
"4737-lexmarke360dn Group","9/5/2013 9:34:20 AM","2/18/2021 9:28:56 AM","4737-lexmarke360dn Group","CN=4737-lexmarke360dn Group,OU=Printer Groups,OU=HSC,DC=HS,DC=wvu-ad,DC=wvu,DC=edu"
"8505c-lexmark-ms811n Group","9/6/2018 2:20:34 PM","2/18/2021 9:28:57 AM","8505c-lexmark-ms811n Group","CN=8505c-lexmark-ms811n Group,OU=Printer Groups,OU=HSC,DC=HS,DC=wvu-ad,DC=wvu,DC=edu"
"H-CRHB-G08-PRT Group","5/18/2021 10:33:54 AM","5/18/2021 12:26:11 PM","H-CRHB-G08-PRT Group","CN=H-CRHB-G08-PRT Group,OU=Printer Groups,OU=HSC,DC=HS,DC=wvu-ad,DC=wvu,DC=edu"
"4075a-minolta-c258","7/8/2011 7:19:56 AM","8/6/2021 1:56:18 PM","4075a-minolta-c258","CN=4075a-minolta-c258,OU=Printer Groups,OU=HSC,DC=HS,DC=wvu-ad,DC=wvu,DC=edu"
"216-HP3550C Group","9/3/2008 3:02:52 PM","2/18/2021 9:28:56 AM","216-HP3550C","CN=216-HP3550C Group,OU=Printer Groups,OU=HSC,DC=HS,DC=wvu-ad,DC=wvu,DC=edu"
"1195-minoltac364","6/25/2013 1:24:59 PM","2/18/2021 9:28:56 AM","1195-minoltac364","CN=1195-minoltac364,OU=Printer Groups,OU=HSC,DC=HS,DC=wvu-ad,DC=wvu,DC=edu"
"b555-hplj-m177fw Group","1/7/2015 3:20:00 PM","2/18/2021 9:28:57 AM","b555-hplj-m177fw Group","CN=b555-hplj-m177fw Group,OU=Printer Groups,OU=HSC,DC=HS,DC=wvu-ad,DC=wvu,DC=edu"
"G350-Minolta Group","9/3/2008 3:02:53 PM","10/4/2021 9:38:30 AM","G350-Minolta","CN=G350-Minolta Group,OU=Printer Groups,OU=HSC,DC=HS,DC=wvu-ad,DC=wvu,DC=edu"
"erma-318-brother9325cw Group","2/14/2012 3:28:51 PM","2/18/2021 9:28:57 AM","erma-318-brother9325cw Group","CN=erma-318-brother9325cw Group,OU=Printer Groups,OU=HSC,DC=HS,DC=wvu-ad,DC=wvu,DC=edu"
"6500-miolta500 Group","9/3/2008 3:02:53 PM","9/21/2021 2:39:26 PM","6500-miolta500","CN=6500-miolta500 Group,OU=Printer Groups,OU=HSC,DC=HS,DC=wvu-ad,DC=wvu,DC=edu"
"4082-hp4000n Group","8/4/2010 11:37:40 AM","2/18/2021 9:28:56 AM","4082-hp4000n Group","CN=4082-hp4000n Group,OU=Printer Groups,OU=HSC,DC=HS,DC=wvu-ad,DC=wvu,DC=edu"
"g212b-hpcljm551 Group","9/3/2008 3:02:54 PM","2/18/2021 9:28:57 AM","g212b-hpcljm551","CN=g212b-hpcljm551 Group,OU=Printer Groups,OU=HSC,DC=HS,DC=wvu-ad,DC=wvu,DC=edu"
"4612-hpm375nw Group","8/12/2013 3:18:54 PM","2/18/2021 9:28:56 AM","4612-hpm375nw Group","CN=4612-hpm375nw Group,OU=Printer Groups,OU=HSC,DC=HS,DC=wvu-ad,DC=wvu,DC=edu"
"G350-HP4500C Group","9/3/2008 3:02:53 PM","2/18/2021 9:28:57 AM","G350-HP4500C","CN=G350-HP4500C Group,OU=Printer Groups,OU=HSC,DC=HS,DC=wvu-ad,DC=wvu,DC=edu"
"2350C-Xerox Group","9/3/2008 3:02:52 PM","2/18/2021 9:28:56 AM","2350C-Xerox","CN=2350C-Xerox Group,OU=Printer Groups,OU=HSC,DC=HS,DC=wvu-ad,DC=wvu,DC=edu"
"2172-minolta363 Group","8/4/2011 9:07:38 AM","2/18/2021 9:28:56 AM","2172-minolta363 Group","CN=2172-minolta363 Group,OU=Printer Groups,OU=HSC,DC=HS,DC=wvu-ad,DC=wvu,DC=edu"
"4092-minolta-c3100 Group","3/18/2019 11:13:44 AM","2/18/2021 9:28:56 AM","4092-minolta-c3100 Group","CN=4092-minolta-c3100 Group,OU=Printer Groups,OU=HSC,DC=HS,DC=wvu-ad,DC=wvu,DC=edu"
"1400-OKIC5100","5/18/2009 1:34:49 PM","2/18/2021 9:28:56 AM","1400-OKIC5100","CN=1400-OKIC5100,OU=Printer Groups,OU=HSC,DC=HS,DC=wvu-ad,DC=wvu,DC=edu"
"5570-hpm551 Group","12/23/2014 9:32:05 AM","6/28/2021 10:12:32 AM","5570-hpm551 Group","CN=5570-hpm551 Group,OU=Printer Groups,OU=HSC,DC=HS,DC=wvu-ad,DC=wvu,DC=edu"
"3015-hplj4000 Group","9/3/2008 3:02:52 PM","10/13/2021 2:44:35 PM","3015-hplj4000","CN=3015-hplj4000 Group,OU=Printer Groups,OU=HSC,DC=HS,DC=wvu-ad,DC=wvu,DC=edu"
"4094-Xerox Group","9/3/2008 3:02:53 PM","2/18/2021 9:28:56 AM","4094-Xerox","CN=4094-Xerox Group,OU=Printer Groups,OU=HSC,DC=HS,DC=wvu-ad,DC=wvu,DC=edu"
"g280-hp4014 Group","1/29/2009 3:28:05 PM","2/18/2021 9:28:57 AM","g280-hp4014 Group","CN=g280-hp4014 Group,OU=Printer Groups,OU=HSC,DC=HS,DC=wvu-ad,DC=wvu,DC=edu"
"102Annex_APPLE Group","9/3/2008 3:02:51 PM","2/18/2021 9:28:56 AM","102Annex_APPLE","CN=102Annex_APPLE Group,OU=Printer Groups,OU=HSC,DC=HS,DC=wvu-ad,DC=wvu,DC=edu"
"ERMA-minoltac364 Group","2/22/2013 3:51:08 PM","2/18/2021 9:28:57 AM","ERMA-minoltac364 Group","CN=ERMA-minoltac364 Group,OU=Printer Groups,OU=HSC,DC=HS,DC=wvu-ad,DC=wvu,DC=edu"
"brni-minolta-c3110 Group","8/25/2017 10:48:31 AM","10/28/2021 3:40:28 PM","brni-minolta-c3110 Group","CN=brni-minolta-c3110 Group,OU=Printer Groups,OU=HSC,DC=HS,DC=wvu-ad,DC=wvu,DC=edu"
"1127-hl5250 Group","8/24/2011 2:22:51 PM","2/18/2021 9:28:56 AM","1127-hl5250 Group","CN=1127-hl5250 Group,OU=Printer Groups,OU=HSC,DC=HS,DC=wvu-ad,DC=wvu,DC=edu"
"102-LEX-C510 Group","9/3/2008 3:02:51 PM","2/18/2021 9:28:56 AM","102-LEX-C510","CN=102-LEX-C510 Group,OU=Printer Groups,OU=HSC,DC=HS,DC=wvu-ad,DC=wvu,DC=edu"
"4618-xerox Group","9/3/2008 3:02:53 PM","2/18/2021 9:28:56 AM","4618-xerox","CN=4618-xerox Group,OU=Printer Groups,OU=HSC,DC=HS,DC=wvu-ad,DC=wvu,DC=edu"
"4066a-hp2015 Group","10/30/2008 9:46:14 AM","2/18/2021 9:28:56 AM","4066a-hp2015 Group","CN=4066a-hp2015 Group,OU=Printer Groups,OU=HSC,DC=HS,DC=wvu-ad,DC=wvu,DC=edu"
"2082-HP3500 Group","9/3/2008 3:02:52 PM","2/18/2021 9:28:56 AM","2082-HP3500","CN=2082-HP3500 Group,OU=Printer Groups,OU=HSC,DC=HS,DC=wvu-ad,DC=wvu,DC=edu"
"4511-hp2605 Group","6/12/2009 9:47:56 AM","2/18/2021 9:28:56 AM","4511-hp2605 Group","CN=4511-hp2605 Group,OU=Printer Groups,OU=HSC,DC=HS,DC=wvu-ad,DC=wvu,DC=edu"
"3013-HPLJ5 Group","9/3/2008 3:02:52 PM","2/18/2021 9:28:56 AM","3013-HPLJ5","CN=3013-HPLJ5 Group,OU=Printer Groups,OU=HSC,DC=HS,DC=wvu-ad,DC=wvu,DC=edu"
"4608-hp2025n Group","6/17/2009 11:41:09 AM","2/18/2021 9:28:56 AM","4608-hp2025n Group","CN=4608-hp2025n Group,OU=Printer Groups,OU=HSC,DC=HS,DC=wvu-ad,DC=wvu,DC=edu"
"4623-hp2015 Group","9/3/2008 3:02:53 PM","2/18/2021 9:28:56 AM","4623-hp2015","CN=4623-hp2015 Group,OU=Printer Groups,OU=HSC,DC=HS,DC=wvu-ad,DC=wvu,DC=edu"
"b106-hp1320n Group","9/3/2008 3:02:54 PM","2/18/2021 9:28:57 AM","b106-hp1320n","CN=b106-hp1320n Group,OU=Printer Groups,OU=HSC,DC=HS,DC=wvu-ad,DC=wvu,DC=edu"
"2350-hp3500","10/4/2011 2:06:20 PM","2/18/2021 9:28:56 AM","2350-hp3500","CN=2350-hp3500,OU=Printer Groups,OU=HSC,DC=HS,DC=wvu-ad,DC=wvu,DC=edu"
"b128-hp4100 Group","9/3/2008 3:02:54 PM","2/18/2021 9:28:57 AM","b128-hp4100","CN=b128-hp4100 Group,OU=Printer Groups,OU=HSC,DC=HS,DC=wvu-ad,DC=wvu,DC=edu"
"4304-hpjl-m203dw Group","9/3/2008 3:02:53 PM","8/9/2021 3:01:37 PM","4304-hpjl-m203dw","CN=4304-hpjl-m203dw Group,OU=Printer Groups,OU=HSC,DC=HS,DC=wvu-ad,DC=wvu,DC=edu"
"b26-ricoh-mp-c3504ex Group","3/22/2012 2:18:25 PM","10/7/2021 8:22:03 AM","b26-ricoh-mp-c3504ex Group","CN=b26-ricoh-mp-c3504ex Group,OU=Printer Groups,OU=HSC,DC=HS,DC=wvu-ad,DC=wvu,DC=edu"
"g139-hplj5 Group","9/3/2008 3:02:54 PM","2/18/2021 9:28:57 AM","g139-hplj5","CN=g139-hplj5 Group,OU=Printer Groups,OU=HSC,DC=HS,DC=wvu-ad,DC=wvu,DC=edu"
"2318-ricoh-im-c4500 Group","4/28/2020 9:47:15 AM","9/10/2021 10:38:36 AM","2318-ricoh-im-c4500 Group","CN=2318-ricoh-im-c4500 Group,OU=Printer Groups,OU=HSC,DC=HS,DC=wvu-ad,DC=wvu,DC=edu"
"5400-HPLJ1200 Group","9/3/2008 3:02:53 PM","2/18/2021 9:28:56 AM","5400-HPLJ1200","CN=5400-HPLJ1200 Group,OU=Printer Groups,OU=HSC,DC=HS,DC=wvu-ad,DC=wvu,DC=edu"
"HP-3005 Group","9/3/2008 3:02:54 PM","2/18/2021 9:28:57 AM","HP-3005","CN=HP-3005 Group,OU=Printer Groups,OU=HSC,DC=HS,DC=wvu-ad,DC=wvu,DC=edu"
"erma2-minolta-4700p Group","4/3/2017 2:50:00 PM","2/18/2021 9:28:57 AM","erma2-minolta-4700p Group","CN=erma2-minolta-4700p Group,OU=Printer Groups,OU=HSC,DC=HS,DC=wvu-ad,DC=wvu,DC=edu"
"Toshiba Group","9/3/2008 3:02:54 PM","2/18/2021 9:28:57 AM","Toshiba","CN=Toshiba Group,OU=Printer Groups,OU=HSC,DC=HS,DC=wvu-ad,DC=wvu,DC=edu"
"supervisor-office-1714c-hp4200 Group","9/3/2008 3:02:54 PM","2/18/2021 9:28:57 AM","supervisor-office-1714c-hp4200","CN=supervisor-office-1714c-hp4200 Group,OU=Printer Groups,OU=HSC,DC=HS,DC=wvu-ad,DC=wvu,DC=edu"
"3011-hplj-m451dn Group","1/23/2009 9:10:57 AM","10/13/2021 2:45:38 PM","3011-hplj-m451dn Group","CN=3011-hplj-m451dn Group,OU=Printer Groups,OU=HSC,DC=HS,DC=wvu-ad,DC=wvu,DC=edu"
"resgrad-hpclj4600 Group","9/3/2008 3:02:54 PM","2/18/2021 9:28:57 AM","resgrad-hpclj4600","CN=resgrad-hpclj4600 Group,OU=Printer Groups,OU=HSC,DC=HS,DC=wvu-ad,DC=wvu,DC=edu"
"rdtp-hp-X551DW Group","3/24/2014 10:42:56 AM","2/18/2021 9:28:57 AM","rdtp-hp-X551DW Group","CN=rdtp-hp-X551DW Group,OU=Printer Groups,OU=HSC,DC=HS,DC=wvu-ad,DC=wvu,DC=edu"
"8707-hpcm1415 Group","9/9/2011 1:55:21 PM","2/18/2021 9:28:57 AM","8707-hpcm1415 Group","CN=8707-hpcm1415 Group,OU=Printer Groups,OU=HSC,DC=HS,DC=wvu-ad,DC=wvu,DC=edu"
"4061-minolta-c258 Group","10/31/2016 10:57:25 AM","2/18/2021 9:28:56 AM","4061-minolta-c258 Group","CN=4061-minolta-c258 Group,OU=Printer Groups,OU=HSC,DC=HS,DC=wvu-ad,DC=wvu,DC=edu"
"6400-dell-2150cn(color)","5/21/2009 8:02:01 AM","2/18/2021 9:28:56 AM","6400-dell-2150cn(color)","CN=6400-dell-2150cn(color),OU=Printer Groups,OU=HSC,DC=HS,DC=wvu-ad,DC=wvu,DC=edu"
"UHSTest Group","9/3/2008 3:02:54 PM","2/18/2021 9:28:57 AM","UHSTest","CN=UHSTest Group,OU=Printer Groups,OU=HSC,DC=HS,DC=wvu-ad,DC=wvu,DC=edu"
"erma1-hplj-m252dw Printer Group","1/20/2016 2:33:04 PM","2/18/2021 9:28:57 AM","erma1-hplj-m252dw Printer Group","CN=erma1-hplj-m252dw Printer Group,OU=Printer Groups,OU=HSC,DC=HS,DC=wvu-ad,DC=wvu,DC=edu"
"2172-hp2015 Group","9/3/2008 3:02:52 PM","2/18/2021 9:28:56 AM","2172-hp2015","CN=2172-hp2015 Group,OU=Printer Groups,OU=HSC,DC=HS,DC=wvu-ad,DC=wvu,DC=edu"
"RICOH Aficio 3260C RPCS Group","10/7/2008 10:27:10 AM","2/18/2021 9:28:57 AM","RICOH Aficio 3260C RPCS Group","CN=RICOH Aficio 3260C RPCS Group,OU=Printer Groups,OU=HSC,DC=HS,DC=wvu-ad,DC=wvu,DC=edu"
"3506-hp7600 Group","9/3/2008 3:02:52 PM","2/18/2021 9:28:56 AM","3506-hp7600","CN=3506-hp7600 Group,OU=Printer Groups,OU=HSC,DC=HS,DC=wvu-ad,DC=wvu,DC=edu"
"erma-149-minolta-c3110 Group","10/30/2018 1:14:34 PM","7/28/2021 2:37:31 PM","erma-149-minolta-c3110 Group","CN=erma-149-minolta-c3110 Group,OU=Printer Groups,OU=HSC,DC=HS,DC=wvu-ad,DC=wvu,DC=edu"
"2160-minolta-c3110 Group","12/5/2017 2:15:36 PM","2/18/2021 9:28:56 AM","2160-minolta-c3110 Group","CN=2160-minolta-c3110 Group,OU=Printer Groups,OU=HSC,DC=HS,DC=wvu-ad,DC=wvu,DC=edu"
"1147-minoltac458 Group","9/3/2008 3:02:52 PM","2/18/2021 9:28:56 AM","1147-minoltac458 Group","CN=1147-minoltac458 Group,OU=Printer Groups,OU=HSC,DC=HS,DC=wvu-ad,DC=wvu,DC=edu"
"erma2-207-brother Group","9/13/2010 12:20:18 PM","2/18/2021 9:28:57 AM","erma2-207-brother Group","CN=erma2-207-brother Group,OU=Printer Groups,OU=HSC,DC=HS,DC=wvu-ad,DC=wvu,DC=edu"
"g280b-hplj-m602 Group","9/3/2008 3:02:53 PM","2/18/2021 9:28:57 AM","g280b-hplj-m602","CN=g280b-hplj-m602 Group,OU=Printer Groups,OU=HSC,DC=HS,DC=wvu-ad,DC=wvu,DC=edu"
"2271-toshiba2830c Group","2/23/2010 3:59:12 PM","2/18/2021 9:28:56 AM","2271-toshiba2830c Group","CN=2271-toshiba2830c Group,OU=Printer Groups,OU=HSC,DC=HS,DC=wvu-ad,DC=wvu,DC=edu"
"g251-hp2300 Group","9/3/2008 3:02:54 PM","2/18/2021 9:28:57 AM","g251-hp2300","CN=g251-hp2300 Group,OU=Printer Groups,OU=HSC,DC=HS,DC=wvu-ad,DC=wvu,DC=edu"
"2038-hp2025dn Group","3/17/2009 4:38:41 PM","2/18/2021 9:28:56 AM","2038-hp2025dn Group","CN=2038-hp2025dn Group,OU=Printer Groups,OU=HSC,DC=HS,DC=wvu-ad,DC=wvu,DC=edu"
"4094-minolta-4000p Group","7/23/2019 11:55:30 AM","3/19/2021 2:31:10 PM","4094-minolta-4000p Group","CN=4094-minolta-4000p Group,OU=Printer Groups,OU=HSC,DC=HS,DC=wvu-ad,DC=wvu,DC=edu"
"2037a-minolta-c368 Group","7/10/2012 10:03:53 AM","9/13/2021 3:30:28 PM","2037a-minolta-c368 Group","CN=2037a-minolta-c368 Group,OU=Printer Groups,OU=HSC,DC=HS,DC=wvu-ad,DC=wvu,DC=edu"
"4074-minolta-4700p Group","1/3/2017 3:49:30 PM","2/18/2021 9:28:56 AM","4074-minolta-4700p Group","CN=4074-minolta-4700p Group,OU=Printer Groups,OU=HSC,DC=HS,DC=wvu-ad,DC=wvu,DC=edu"
"1167-HP9130 Group","9/3/2008 3:02:52 PM","2/18/2021 9:28:56 AM","1167-HP9130","CN=1167-HP9130 Group,OU=Printer Groups,OU=HSC,DC=HS,DC=wvu-ad,DC=wvu,DC=edu"
"g350-hp2055dn Group","12/13/2010 1:33:06 PM","2/18/2021 9:28:57 AM","g350-hp2055dn Group","CN=g350-hp2055dn Group,OU=Printer Groups,OU=HSC,DC=HS,DC=wvu-ad,DC=wvu,DC=edu"
"b14-hp2025n Group","5/7/2009 3:55:39 PM","2/18/2021 9:28:57 AM","b14-hp2025n Group","CN=b14-hp2025n Group,OU=Printer Groups,OU=HSC,DC=HS,DC=wvu-ad,DC=wvu,DC=edu"
"2306-hpcm6030f Group","6/10/2009 9:51:08 AM","2/18/2021 9:28:56 AM","2306-hpcm6030f Group","CN=2306-hpcm6030f Group,OU=Printer Groups,OU=HSC,DC=HS,DC=wvu-ad,DC=wvu,DC=edu"
"2306-hp2200 Group","5/12/2009 2:29:07 PM","2/18/2021 9:28:56 AM","2306-hp2200  Group","CN=2306-hp2200 Group,OU=Printer Groups,OU=HSC,DC=HS,DC=wvu-ad,DC=wvu,DC=edu"
"4506-star800 Group","5/12/2009 2:31:57 PM","2/18/2021 9:28:56 AM","4506-star800 Group","CN=4506-star800 Group,OU=Printer Groups,OU=HSC,DC=HS,DC=wvu-ad,DC=wvu,DC=edu"
"5612-hplj-3015 Group","9/11/2015 12:38:29 PM","10/4/2021 11:51:12 AM","5612-hplj-3015 Group","CN=5612-hplj-3015 Group,OU=Printer Groups,OU=HSC,DC=HS,DC=wvu-ad,DC=wvu,DC=edu"
"G290-HPLJ5SIMX Group","9/3/2008 3:02:53 PM","2/18/2021 9:28:57 AM","G290-HPLJ5SIMX","CN=G290-HPLJ5SIMX Group,OU=Printer Groups,OU=HSC,DC=HS,DC=wvu-ad,DC=wvu,DC=edu"
"G350-HPLJ4 Group","9/3/2008 3:02:53 PM","2/18/2021 9:28:57 AM","G350-HPLJ4","CN=G350-HPLJ4 Group,OU=Printer Groups,OU=HSC,DC=HS,DC=wvu-ad,DC=wvu,DC=edu"
"202-2015dn Group","2/6/2012 11:10:21 AM","2/18/2021 9:28:56 AM","202-2015dn Group","CN=202-2015dn Group,OU=Printer Groups,OU=HSC,DC=HS,DC=wvu-ad,DC=wvu,DC=edu"
"4514_peds_hplj4050 Group","5/12/2009 2:32:18 PM","2/18/2021 9:28:56 AM","4514_peds_hplj4050 Group","CN=4514_peds_hplj4050 Group,OU=Printer Groups,OU=HSC,DC=HS,DC=wvu-ad,DC=wvu,DC=edu"
"4612-hplj2500n Group","5/12/2009 2:33:06 PM","2/18/2021 9:28:56 AM","4612-hplj2500n Group","CN=4612-hplj2500n Group,OU=Printer Groups,OU=HSC,DC=HS,DC=wvu-ad,DC=wvu,DC=edu"
"b26-hplj2100tn Group","2/24/2012 8:44:57 AM","2/18/2021 9:28:57 AM","b26-hplj2100tn Group","CN=b26-hplj2100tn Group,OU=Printer Groups,OU=HSC,DC=HS,DC=wvu-ad,DC=wvu,DC=edu"
"4014-dell3130cn Group","12/7/2010 3:42:59 PM","2/18/2021 9:28:56 AM","4014-dell3130cn Group","CN=4014-dell3130cn Group,OU=Printer Groups,OU=HSC,DC=HS,DC=wvu-ad,DC=wvu,DC=edu"
"4621-hplj4 Group","5/12/2009 2:33:23 PM","2/18/2021 9:28:56 AM","4621-hplj4 Group","CN=4621-hplj4 Group,OU=Printer Groups,OU=HSC,DC=HS,DC=wvu-ad,DC=wvu,DC=edu"
"erma370-hplj-cp5225dn Group","8/17/2017 12:05:38 PM","2/18/2021 9:28:57 AM","erma370-hplj-cp5225dn Group","CN=erma370-hplj-cp5225dn Group,OU=Printer Groups,OU=HSC,DC=HS,DC=wvu-ad,DC=wvu,DC=edu"
"ermag-g160-minolta-c364 Group","3/25/2019 3:53:13 PM","11/9/2021 1:07:36 PM","ermag-g160-minolta-c364 Group","CN=ermag-g160-minolta-c364 Group,OU=Printer Groups,OU=HSC,DC=HS,DC=wvu-ad,DC=wvu,DC=edu"
"4716-lex-c510 Group","5/12/2009 2:34:05 PM","2/18/2021 9:28:56 AM","4716-lex-c510 Group","CN=4716-lex-c510 Group,OU=Printer Groups,OU=HSC,DC=HS,DC=wvu-ad,DC=wvu,DC=edu"
"139-hp2015 Group","9/3/2008 3:02:52 PM","2/18/2021 9:28:56 AM","139-hp2015","CN=139-hp2015 Group,OU=Printer Groups,OU=HSC,DC=HS,DC=wvu-ad,DC=wvu,DC=edu"
"2280-HP2300 Group","9/3/2008 3:02:52 PM","10/7/2021 8:22:03 AM","2280-HP2300","CN=2280-HP2300 Group,OU=Printer Groups,OU=HSC,DC=HS,DC=wvu-ad,DC=wvu,DC=edu"
"4718-hp2200 Group","5/12/2009 2:34:20 PM","2/18/2021 9:28:56 AM","4718-hp2200 Group","CN=4718-hp2200 Group,OU=Printer Groups,OU=HSC,DC=HS,DC=wvu-ad,DC=wvu,DC=edu"
"CRH1-BUSIOFFICE Printer Group","11/2/2020 11:45:02 AM","11/16/2021 1:39:53 PM","CRH1-BUSIOFFICE Printer Group","CN=CRH1-BUSIOFFICE Printer Group,OU=Printer Groups,OU=HSC,DC=HS,DC=wvu-ad,DC=wvu,DC=edu"
"g251-hp1518 Group","1/29/2009 9:34:35 AM","2/18/2021 9:28:57 AM","g251-hp1518 Group","CN=g251-hp1518 Group,OU=Printer Groups,OU=HSC,DC=HS,DC=wvu-ad,DC=wvu,DC=edu"
"hp1320-2350L Group","5/12/2009 2:34:53 PM","2/18/2021 9:28:57 AM","hp1320-2350L Group","CN=hp1320-2350L Group,OU=Printer Groups,OU=HSC,DC=HS,DC=wvu-ad,DC=wvu,DC=edu"
"erma-g140-minolta-c3110 Group","1/19/2018 4:44:33 PM","11/16/2021 8:56:49 AM","erma-g140-minolta-c3110 Group","CN=erma-g140-minolta-c3110 Group,OU=Printer Groups,OU=HSC,DC=HS,DC=wvu-ad,DC=wvu,DC=edu"
"6600-bizhub420 Group","11/30/2010 8:24:12 AM","2/18/2021 9:28:56 AM","6600-bizhub420 Group","CN=6600-bizhub420 Group,OU=Printer Groups,OU=HSC,DC=HS,DC=wvu-ad,DC=wvu,DC=edu"
"1001-hpoj7210 Group","9/3/2008 3:02:51 PM","2/18/2021 9:28:56 AM","1001-hpoj7210","CN=1001-hpoj7210 Group,OU=Printer Groups,OU=HSC,DC=HS,DC=wvu-ad,DC=wvu,DC=edu"
"g290-hplj-m551 Group","1/5/2015 2:12:22 PM","2/18/2021 9:28:57 AM","g290-hplj-m551 Group","CN=g290-hplj-m551 Group,OU=Printer Groups,OU=HSC,DC=HS,DC=wvu-ad,DC=wvu,DC=edu"
"3033a-hpofficejetpro8500","8/11/2010 8:49:38 AM","2/18/2021 9:28:56 AM","3033a-hpofficejetpro8500","CN=3033a-hpofficejetpro8500,OU=Printer Groups,OU=HSC,DC=HS,DC=wvu-ad,DC=wvu,DC=edu"
"brother-4096 Group","9/3/2008 3:02:54 PM","2/18/2021 9:28:57 AM","brother-4096","CN=brother-4096 Group,OU=Printer Groups,OU=HSC,DC=HS,DC=wvu-ad,DC=wvu,DC=edu"
"8604-hpm1212nf","10/26/2011 1:54:32 PM","2/18/2021 9:28:57 AM","8604-hpm1212nf","CN=8604-hpm1212nf,OU=Printer Groups,OU=HSC,DC=HS,DC=wvu-ad,DC=wvu,DC=edu"
"g125-CanonMX850 Group","7/20/2010 9:16:53 AM","2/18/2021 9:28:57 AM","g125-CanonMX850 Group","CN=g125-CanonMX850 Group,OU=Printer Groups,OU=HSC,DC=HS,DC=wvu-ad,DC=wvu,DC=edu"
"G111-hpoj8500 Group","9/21/2009 2:11:02 PM","2/18/2021 9:28:57 AM","G111-hpoj8500 Group","CN=G111-hpoj8500 Group,OU=Printer Groups,OU=HSC,DC=HS,DC=wvu-ad,DC=wvu,DC=edu"
"g290-xerox242 Group","9/3/2008 3:02:54 PM","2/18/2021 9:28:57 AM","g290-xerox242","CN=g290-xerox242 Group,OU=Printer Groups,OU=HSC,DC=HS,DC=wvu-ad,DC=wvu,DC=edu"
"4060-minolta-4700p Group","3/24/2017 9:40:01 AM","7/13/2021 10:56:16 AM","4060-minolta-4700p Group","CN=4060-minolta-4700p Group,OU=Printer Groups,OU=HSC,DC=HS,DC=wvu-ad,DC=wvu,DC=edu"
"118annex-hpcljcm2320nf","9/6/2011 2:27:22 PM","2/18/2021 9:28:56 AM","118annex-hpcljcm2320nf","CN=118annex-hpcljcm2320nf,OU=Printer Groups,OU=HSC,DC=HS,DC=wvu-ad,DC=wvu,DC=edu"
"G111-hplj4050 Group","9/21/2009 2:10:54 PM","2/18/2021 9:28:57 AM","G111-hplj4050 Group","CN=G111-hplj4050 Group,OU=Printer Groups,OU=HSC,DC=HS,DC=wvu-ad,DC=wvu,DC=edu"
"g252f-bizhub200 Group","9/3/2008 3:02:54 PM","2/18/2021 9:28:57 AM","g252f-bizhub200","CN=g252f-bizhub200 Group,OU=Printer Groups,OU=HSC,DC=HS,DC=wvu-ad,DC=wvu,DC=edu"
"1310-ricoh-mpc6004 Group","10/23/2018 10:23:15 AM","9/16/2021 8:03:29 AM","1310-ricoh-mpc6004 Group","CN=1310-ricoh-mpc6004 Group,OU=Printer Groups,OU=HSC,DC=HS,DC=wvu-ad,DC=wvu,DC=edu"
"3860-cognitivedlx","3/24/2011 2:45:13 PM","9/29/2021 3:04:31 PM","3860-cognitivedlx","CN=3860-cognitivedlx,OU=Printer Groups,OU=HSC,DC=HS,DC=wvu-ad,DC=wvu,DC=edu"
"3145-minolta-c3110 group","8/31/2016 12:46:09 PM","2/18/2021 9:28:56 AM","3145-minolta-c3110 group","CN=3145-minolta-c3110 group,OU=Printer Groups,OU=HSC,DC=HS,DC=wvu-ad,DC=wvu,DC=edu"
"4411-xerox8570dn Group","8/23/2011 2:52:21 PM","2/18/2021 9:28:56 AM","4411-xerox8570dn Group","CN=4411-xerox8570dn Group,OU=Printer Groups,OU=HSC,DC=HS,DC=wvu-ad,DC=wvu,DC=edu"
"CRH1-INTERVIEW Printer Group","11/2/2020 11:52:30 AM","8/2/2021 1:31:38 PM","CRH1-INTERVIEW Printer Group","CN=CRH1-INTERVIEW Printer Group,OU=Printer Groups,OU=HSC,DC=HS,DC=wvu-ad,DC=wvu,DC=edu"
"4094-minolta-c3110 Group","10/12/2015 10:43:30 AM","7/7/2021 10:04:56 AM","4094-minolta-c3110 Group","CN=4094-minolta-c3110 Group,OU=Printer Groups,OU=HSC,DC=HS,DC=wvu-ad,DC=wvu,DC=edu"
"erma370-lex-c760 Group","1/22/2010 12:42:53 PM","2/18/2021 9:28:57 AM","erma370-lex-c760 Group","CN=erma370-lex-c760 Group,OU=Printer Groups,OU=HSC,DC=HS,DC=wvu-ad,DC=wvu,DC=edu"
"2350p-hp2035n group","7/31/2014 3:50:40 PM","10/28/2021 1:30:53 PM","2350p-hp2035n group","CN=2350p-hp2035n group,OU=Printer Groups,OU=HSC,DC=HS,DC=wvu-ad,DC=wvu,DC=edu"
"H-PAINC2-ADMIN Group","7/1/2021 10:49:19 AM","7/1/2021 10:52:20 AM","H-PAINC2-ADMIN Group","CN=H-PAINC2-ADMIN Group,OU=Printer Groups,OU=HSC,DC=HS,DC=wvu-ad,DC=wvu,DC=edu"
"2831-hpofficejet6700 Group","8/11/2017 3:40:08 PM","2/18/2021 9:28:56 AM","2831-hpofficejet6700 Group","CN=2831-hpofficejet6700 Group,OU=Printer Groups,OU=HSC,DC=HS,DC=wvu-ad,DC=wvu,DC=edu"
"UTC2-FamMed-Admin Group","7/1/2021 10:50:50 AM","7/1/2021 10:51:59 AM","UTC2-FamMed-Admin Group","CN=UTC2-FamMed-Admin Group,OU=Printer Groups,OU=HSC,DC=HS,DC=wvu-ad,DC=wvu,DC=edu"
"1622-hp2055dn Group","4/23/2010 2:24:27 PM","2/18/2021 9:28:56 AM","1622-hp2055dn Group","CN=1622-hp2055dn Group,OU=Printer Groups,OU=HSC,DC=HS,DC=wvu-ad,DC=wvu,DC=edu"
"4737-hpljm1536","3/31/2011 11:50:06 AM","2/18/2021 9:28:56 AM","4737-hpljm1536","CN=4737-hpljm1536,OU=Printer Groups,OU=HSC,DC=HS,DC=wvu-ad,DC=wvu,DC=edu"
"1055-minolta161f Group","4/23/2010 2:24:49 PM","2/18/2021 9:28:56 AM","1055-minolta161f Group","CN=1055-minolta161f Group,OU=Printer Groups,OU=HSC,DC=HS,DC=wvu-ad,DC=wvu,DC=edu"
"3014-minolta223 Group","4/1/2013 10:50:49 AM","2/18/2021 9:28:56 AM","3014-minolta223 Group","CN=3014-minolta223 Group,OU=Printer Groups,OU=HSC,DC=HS,DC=wvu-ad,DC=wvu,DC=edu"
"5500-minolta-c258 Group","2/24/2012 7:56:30 AM","10/29/2021 12:13:08 PM","5500-minolta-c258 Group","CN=5500-minolta-c258 Group,OU=Printer Groups,OU=HSC,DC=HS,DC=wvu-ad,DC=wvu,DC=edu"
"3123-hp2500c Group","6/2/2010 3:55:02 PM","2/18/2021 9:28:56 AM","3123-hp2500c Group","CN=3123-hp2500c Group,OU=Printer Groups,OU=HSC,DC=HS,DC=wvu-ad,DC=wvu,DC=edu"
"HSCB-RadOn-Copier Grouop","7/1/2021 10:52:20 AM","7/1/2021 10:59:32 AM","HSCB-RadOn-Copier Grouop","CN=HSCB-RadOn-Copier Grouop,OU=Printer Groups,OU=HSC,DC=HS,DC=wvu-ad,DC=wvu,DC=edu"
"emmed-canon Group","8/4/2010 10:59:06 AM","2/18/2021 9:28:57 AM","emmed-canon Group","CN=emmed-canon Group,OU=Printer Groups,OU=HSC,DC=HS,DC=wvu-ad,DC=wvu,DC=edu"
"2095-HP2400 Group","9/3/2008 3:02:52 PM","2/18/2021 9:28:56 AM","2095-HP2400","CN=2095-HP2400 Group,OU=Printer Groups,OU=HSC,DC=HS,DC=wvu-ad,DC=wvu,DC=edu"
"g190-hp2430 Group","8/4/2010 3:24:19 PM","2/18/2021 9:28:57 AM","g190-hp2430 Group","CN=g190-hp2430 Group,OU=Printer Groups,OU=HSC,DC=HS,DC=wvu-ad,DC=wvu,DC=edu"
"4018-bizhub-c3110 Group","8/11/2021 8:37:42 AM","8/11/2021 8:55:00 AM","4018-bizhub-c3110 Group","CN=4018-bizhub-c3110 Group,OU=Printer Groups,OU=HSC,DC=HS,DC=wvu-ad,DC=wvu,DC=edu"
"5702-bizhub350 Group","1/7/2011 10:51:10 AM","2/18/2021 9:28:56 AM","5702-bizhub350 Group","CN=5702-bizhub350 Group,OU=Printer Groups,OU=HSC,DC=HS,DC=wvu-ad,DC=wvu,DC=edu"
"H-POC1-MRI-FrontB Group","7/1/2021 11:00:04 AM","7/1/2021 12:33:50 PM","H-POC1-MRI-FrontB Group","CN=H-POC1-MRI-FrontB Group,OU=Printer Groups,OU=HSC,DC=HS,DC=wvu-ad,DC=wvu,DC=edu"
"g190a-peds-hp4050","8/4/2010 3:30:00 PM","2/18/2021 9:28:57 AM","g190a-peds-hp4050","CN=g190a-peds-hp4050,OU=Printer Groups,OU=HSC,DC=HS,DC=wvu-ad,DC=wvu,DC=edu"
"g10-ricoh-im-c4500 Group","6/10/2020 11:45:44 AM","4/12/2021 2:36:07 PM","g10-ricoh-im-c4500 Group","CN=g10-ricoh-im-c4500 Group,OU=Printer Groups,OU=HSC,DC=HS,DC=wvu-ad,DC=wvu,DC=edu"
"H-HSC2-FM-RM2314 Group","7/1/2021 11:01:29 AM","7/1/2021 11:02:16 AM","H-HSC2-FM-RM2314 Group","CN=H-HSC2-FM-RM2314 Group,OU=Printer Groups,OU=HSC,DC=HS,DC=wvu-ad,DC=wvu,DC=edu"
"4621-tsp800 Group","8/4/2010 4:28:59 PM","2/18/2021 9:28:56 AM","4621-tsp800 Group","CN=4621-tsp800 Group,OU=Printer Groups,OU=HSC,DC=HS,DC=wvu-ad,DC=wvu,DC=edu"
"peds_neonatology_lj4si Group","5/12/2009 2:36:37 PM","2/18/2021 9:28:57 AM","peds_neonatology_lj4si Group","CN=peds_neonatology_lj4si Group,OU=Printer Groups,OU=HSC,DC=HS,DC=wvu-ad,DC=wvu,DC=edu"
"g214-hp4100 Group","8/5/2010 10:28:54 AM","2/18/2021 9:28:57 AM","g214-hp4100 Group","CN=g214-hp4100 Group,OU=Printer Groups,OU=HSC,DC=HS,DC=wvu-ad,DC=wvu,DC=edu"
"3143-hp3505 Group","9/13/2010 9:55:46 AM","2/18/2021 9:28:56 AM","3143-hp3505 Group","CN=3143-hp3505 Group,OU=Printer Groups,OU=HSC,DC=HS,DC=wvu-ad,DC=wvu,DC=edu"
"3025-hp4700 Group","5/21/2008 1:30:21 PM","2/18/2021 9:28:56 AM","3025-hp4700 Group","CN=3025-hp4700 Group,OU=Printer Groups,OU=HSC,DC=HS,DC=wvu-ad,DC=wvu,DC=edu"
"b128-hplj2605dn Group","8/5/2010 10:52:59 AM","2/18/2021 9:28:57 AM","b128-hplj2605dn Group","CN=b128-hplj2605dn Group,OU=Printer Groups,OU=HSC,DC=HS,DC=wvu-ad,DC=wvu,DC=edu"
"CRH1-BehavMain-Copy Printer Group","10/28/2020 11:42:44 AM","9/16/2021 1:05:18 PM","CRH1-BehavMain-Copy Printer Group","CN=CRH1-BehavMain-Copy Printer Group,OU=Printer Groups,OU=HSC,DC=HS,DC=wvu-ad,DC=wvu,DC=edu"
"6400-LEXC522","1/14/2011 9:18:22 AM","2/18/2021 9:28:56 AM","6400-LEXC522","CN=6400-LEXC522,OU=Printer Groups,OU=HSC,DC=HS,DC=wvu-ad,DC=wvu,DC=edu"
"142-hp6300 Group","8/25/2010 1:35:36 PM","11/16/2021 1:39:55 PM","142-hp6300 Group","CN=142-hp6300 Group,OU=Printer Groups,OU=HSC,DC=HS,DC=wvu-ad,DC=wvu,DC=edu"
"g139-BizhubC364e Group","3/14/2012 10:20:34 AM","11/17/2021 10:02:11 AM","g139-BizhubC364e Group","CN=g139-BizhubC364e Group,OU=Printer Groups,OU=HSC,DC=HS,DC=wvu-ad,DC=wvu,DC=edu"
"4520b-hp4250 Group","8/11/2017 4:20:39 PM","2/18/2021 9:28:56 AM","4520b-hp4250 Group","CN=4520b-hp4250 Group,OU=Printer Groups,OU=HSC,DC=HS,DC=wvu-ad,DC=wvu,DC=edu"
"1168-brother-hl-5730dw Group","7/11/2019 9:54:20 AM","2/18/2021 9:28:56 AM","1168-brother-hl-5730dw Group","CN=1168-brother-hl-5730dw Group,OU=Printer Groups,OU=HSC,DC=HS,DC=wvu-ad,DC=wvu,DC=edu"
"204-hpljm1536","12/14/2010 2:39:13 PM","2/18/2021 9:28:56 AM","204-hpljm1536","CN=204-hpljm1536,OU=Printer Groups,OU=HSC,DC=HS,DC=wvu-ad,DC=wvu,DC=edu"
"3100-hp710 Group","9/13/2010 9:10:24 AM","2/18/2021 9:28:56 AM","3100-hp710 Group","CN=3100-hp710 Group,OU=Printer Groups,OU=HSC,DC=HS,DC=wvu-ad,DC=wvu,DC=edu"
"4028-hp4014n Group","5/7/2009 3:55:51 PM","2/18/2021 9:28:56 AM","4028-hp4014n Group","CN=4028-hp4014n Group,OU=Printer Groups,OU=HSC,DC=HS,DC=wvu-ad,DC=wvu,DC=edu"
"2313-minolta-4700p","11/2/2018 10:07:20 AM","10/7/2021 8:39:53 AM","2313-minolta-4700p","CN=2313-minolta-4700p,OU=Printer Groups,OU=HSC,DC=HS,DC=wvu-ad,DC=wvu,DC=edu"
"2038-Lex120","8/26/2010 3:41:43 PM","2/18/2021 9:28:56 AM","2038-Lex120","CN=2038-Lex120,OU=Printer Groups,OU=HSC,DC=HS,DC=wvu-ad,DC=wvu,DC=edu"
"erma2-270-hp4550 Group","9/13/2010 12:24:23 PM","2/18/2021 9:28:57 AM","erma2-270-hp4550 Group","CN=erma2-270-hp4550 Group,OU=Printer Groups,OU=HSC,DC=HS,DC=wvu-ad,DC=wvu,DC=edu"
"5730a-minolta-c3100p Group","6/14/2018 4:07:15 PM","2/18/2021 9:28:56 AM","5730a-minolta-c3100p Group","CN=5730a-minolta-c3100p Group,OU=Printer Groups,OU=HSC,DC=HS,DC=wvu-ad,DC=wvu,DC=edu"
"g135-lex-e120 Group","9/13/2010 1:58:04 PM","2/18/2021 9:28:57 AM","g135-lex-e120 Group","CN=g135-lex-e120 Group,OU=Printer Groups,OU=HSC,DC=HS,DC=wvu-ad,DC=wvu,DC=edu"
"sgraber-printer Group","9/13/2010 2:37:32 PM","2/18/2021 9:28:57 AM","sgraber-printer Group","CN=sgraber-printer Group,OU=Printer Groups,OU=HSC,DC=HS,DC=wvu-ad,DC=wvu,DC=edu"
"2350d-hp2055dn Group","11/2/2011 9:14:20 AM","2/18/2021 9:28:56 AM","2350d-hp2055dn Group","CN=2350d-hp2055dn Group,OU=Printer Groups,OU=HSC,DC=HS,DC=wvu-ad,DC=wvu,DC=edu"
"erma105-hp2055dn Group","5/1/2013 7:57:09 AM","2/18/2021 9:28:57 AM","erma105-hp2055dn Group","CN=erma105-hp2055dn Group,OU=Printer Groups,OU=HSC,DC=HS,DC=wvu-ad,DC=wvu,DC=edu"
"g111b-minolta 423 Group","3/21/2013 12:51:40 PM","7/6/2021 1:46:23 PM","g111b-minolta 423 Group","CN=g111b-minolta 423 Group,OU=Printer Groups,OU=HSC,DC=HS,DC=wvu-ad,DC=wvu,DC=edu"
"4616-hp4700c Group","10/30/2008 9:11:21 AM","2/18/2021 9:28:56 AM","4616-hp4700c Group","CN=4616-hp4700c Group,OU=Printer Groups,OU=HSC,DC=HS,DC=wvu-ad,DC=wvu,DC=edu"
"b129-Lanier-ld528c Group","9/3/2008 3:02:54 PM","11/17/2021 4:01:31 PM","b129-Lanier-ld528c Group","CN=b129-Lanier-ld528c Group,OU=Printer Groups,OU=HSC,DC=HS,DC=wvu-ad,DC=wvu,DC=edu"
"3019-minolta-c224e Group","5/27/2011 2:49:28 PM","10/13/2021 2:44:35 PM","3019-minolta-c224e Group","CN=3019-minolta-c224e Group,OU=Printer Groups,OU=HSC,DC=HS,DC=wvu-ad,DC=wvu,DC=edu"
"ADUC-RG","1/20/2011 2:28:24 PM","2/18/2021 9:28:57 AM","ADUC-RG","CN=ADUC-RG,OU=Printer Groups,OU=HSC,DC=HS,DC=wvu-ad,DC=wvu,DC=edu"
"4041-hpljp2055dn Group","10/4/2010 3:39:37 PM","2/18/2021 9:28:56 AM","4041-hpljp2055dn Group","CN=4041-hpljp2055dn Group,OU=Printer Groups,OU=HSC,DC=HS,DC=wvu-ad,DC=wvu,DC=edu"
"b59-hp2575","7/11/2011 7:20:33 AM","2/18/2021 9:28:57 AM","b59-hp2575","CN=b59-hp2575,OU=Printer Groups,OU=HSC,DC=HS,DC=wvu-ad,DC=wvu,DC=edu"
"4615-minoltac3551 Group","9/10/2018 10:08:23 AM","2/18/2021 9:28:56 AM","4615-minoltac3551 Group","CN=4615-minoltac3551 Group,OU=Printer Groups,OU=HSC,DC=HS,DC=wvu-ad,DC=wvu,DC=edu"
"b040-hpljm601 Group","11/17/2014 3:53:03 PM","2/18/2021 9:28:57 AM","b040-hpljm601 Group","CN=b040-hpljm601 Group,OU=Printer Groups,OU=HSC,DC=HS,DC=wvu-ad,DC=wvu,DC=edu"
"CRH1-MedReports Printer Group","11/2/2020 1:01:15 PM","2/18/2021 9:28:57 AM","CRH1-MedReports Printer Group","CN=CRH1-MedReports Printer Group,OU=Printer Groups,OU=HSC,DC=HS,DC=wvu-ad,DC=wvu,DC=edu"
"4737-minolta-4700 Group","8/26/2019 9:48:04 AM","8/5/2021 2:46:46 PM","4737-minolta-4700 Group","CN=4737-minolta-4700 Group,OU=Printer Groups,OU=HSC,DC=HS,DC=wvu-ad,DC=wvu,DC=edu"
"6700e-hp2605dn Group","9/9/2011 2:04:33 PM","2/18/2021 9:28:56 AM","6700e-hp2605dn Group","CN=6700e-hp2605dn Group,OU=Printer Groups,OU=HSC,DC=HS,DC=wvu-ad,DC=wvu,DC=edu"
"eram2-brother-7600","8/30/2011 3:40:12 PM","2/18/2021 9:28:57 AM","eram2-brother-7600","CN=eram2-brother-7600,OU=Printer Groups,OU=HSC,DC=HS,DC=wvu-ad,DC=wvu,DC=edu"
"g174-hp3600 Group","10/14/2010 12:24:08 PM","2/18/2021 9:28:57 AM","g174-hp3600 Group","CN=g174-hp3600 Group,OU=Printer Groups,OU=HSC,DC=HS,DC=wvu-ad,DC=wvu,DC=edu"
"g106-canon3480i Group","6/4/2009 2:14:21 PM","10/13/2021 1:42:25 PM","g106-canon3480i Group","CN=g106-canon3480i Group,OU=Printer Groups,OU=HSC,DC=HS,DC=wvu-ad,DC=wvu,DC=edu"
"2350y-minolta-c3110 Group","7/24/2019 12:57:05 PM","2/18/2021 9:28:56 AM","2350y-minolta-c3110 Group","CN=2350y-minolta-c3110 Group,OU=Printer Groups,OU=HSC,DC=HS,DC=wvu-ad,DC=wvu,DC=edu"
"5500-bizhub-c3100p Group","6/10/2020 1:15:10 PM","2/18/2021 9:28:56 AM","5500-bizhub-c3100p Group","CN=5500-bizhub-c3100p Group,OU=Printer Groups,OU=HSC,DC=HS,DC=wvu-ad,DC=wvu,DC=edu"
"2280-gestetner3502p Group","1/19/2012 3:25:13 PM","2/18/2021 9:28:56 AM","2280-gestetner3502p Group","CN=2280-gestetner3502p Group,OU=Printer Groups,OU=HSC,DC=HS,DC=wvu-ad,DC=wvu,DC=edu"
"1144-hp-m602 Group","1/6/2009 11:37:24 AM","2/18/2021 9:28:56 AM","1144-hp-m602 Group","CN=1144-hp-m602 Group,OU=Printer Groups,OU=HSC,DC=HS,DC=wvu-ad,DC=wvu,DC=edu"
"CRH1-NeuroPsyTest Printer Group","11/2/2020 1:07:30 PM","8/30/2021 10:49:05 AM","CRH1-NeuroPsyTest Printer Group","CN=CRH1-NeuroPsyTest Printer Group,OU=Printer Groups,OU=HSC,DC=HS,DC=wvu-ad,DC=wvu,DC=edu"
"4061-hp2605 Group","9/3/2008 3:02:53 PM","2/18/2021 9:28:56 AM","4061-hp2605","CN=4061-hp2605 Group,OU=Printer Groups,OU=HSC,DC=HS,DC=wvu-ad,DC=wvu,DC=edu"
"G279-Minolta-c3110 Group","7/28/2017 2:25:47 PM","2/18/2021 9:28:57 AM","G279-Minolta-c3110 Group","CN=G279-Minolta-c3110 Group,OU=Printer Groups,OU=HSC,DC=HS,DC=wvu-ad,DC=wvu,DC=edu"
"1206-optra1255 Group","9/3/2008 3:02:52 PM","2/18/2021 9:28:56 AM","1206-optra1255","CN=1206-optra1255 Group,OU=Printer Groups,OU=HSC,DC=HS,DC=wvu-ad,DC=wvu,DC=edu"
"1372-bizhub-c3100p Group","1/10/2017 3:36:58 PM","2/18/2021 9:28:56 AM","1372-bizhub-c3100p Group","CN=1372-bizhub-c3100p Group,OU=Printer Groups,OU=HSC,DC=HS,DC=wvu-ad,DC=wvu,DC=edu"
"g252-hpm602 Group","9/3/2008 3:02:54 PM","2/18/2021 9:28:57 AM","g252-hpm602","CN=g252-hpm602 Group,OU=Printer Groups,OU=HSC,DC=HS,DC=wvu-ad,DC=wvu,DC=edu"
"3613-hp2035n Group","9/3/2008 3:02:53 PM","2/18/2021 9:28:56 AM","3613-hp2035n Group","CN=3613-hp2035n Group,OU=Printer Groups,OU=HSC,DC=HS,DC=wvu-ad,DC=wvu,DC=edu"
"Biomed-5500 Group","9/3/2008 3:02:53 PM","2/18/2021 9:28:57 AM","Biomed-5500","CN=Biomed-5500 Group,OU=Printer Groups,OU=HSC,DC=HS,DC=wvu-ad,DC=wvu,DC=edu"
"brni-150-hp2055dn Group","2/12/2009 11:01:26 AM","8/3/2021 10:38:07 AM","brni-150-hp2055dn Group","CN=brni-150-hp2055dn Group,OU=Printer Groups,OU=HSC,DC=HS,DC=wvu-ad,DC=wvu,DC=edu"
"1419-minolta-c458 Group","1/22/2018 10:50:37 AM","10/25/2021 1:47:13 PM","1419-minolta-c458 Group","CN=1419-minolta-c458 Group,OU=Printer Groups,OU=HSC,DC=HS,DC=wvu-ad,DC=wvu,DC=edu"
"2025-HP5C Group","9/3/2008 3:02:52 PM","2/18/2021 9:28:56 AM","2025-HP5C","CN=2025-HP5C Group,OU=Printer Groups,OU=HSC,DC=HS,DC=wvu-ad,DC=wvu,DC=edu"
"8503-xerox Group","9/3/2008 3:02:53 PM","2/18/2021 9:28:56 AM","8503-xerox","CN=8503-xerox Group,OU=Printer Groups,OU=HSC,DC=HS,DC=wvu-ad,DC=wvu,DC=edu"
"8707-hpcm1415","9/6/2011 1:46:30 PM","2/18/2021 9:28:57 AM","8707-hpcm1415","CN=8707-hpcm1415,OU=Printer Groups,OU=HSC,DC=HS,DC=wvu-ad,DC=wvu,DC=edu"
"CRH1-Resident Printer Group","11/2/2020 1:15:06 PM","9/16/2021 1:05:51 PM","CRH1-Resident Printer Group","CN=CRH1-Resident Printer Group,OU=Printer Groups,OU=HSC,DC=HS,DC=wvu-ad,DC=wvu,DC=edu"
"1005-G85 Group","9/3/2008 3:02:51 PM","2/18/2021 9:28:56 AM","1005-G85","CN=1005-G85 Group,OU=Printer Groups,OU=HSC,DC=HS,DC=wvu-ad,DC=wvu,DC=edu"
"4608-minolta-c224e Group","8/28/2014 9:38:40 AM","7/27/2021 11:04:40 AM","4608-minolta-c224e Group","CN=4608-minolta-c224e Group,OU=Printer Groups,OU=HSC,DC=HS,DC=wvu-ad,DC=wvu,DC=edu"
"1129-minoltac353 Group","1/6/2011 10:41:20 AM","6/16/2021 9:02:24 AM","1129-minoltac353 Group","CN=1129-minoltac353 Group,OU=Printer Groups,OU=HSC,DC=HS,DC=wvu-ad,DC=wvu,DC=edu"
"202-hpp2005dn Group","11/19/2015 11:58:06 AM","2/18/2021 9:28:56 AM","202-hpp2005dn Group","CN=202-hpp2005dn Group,OU=Printer Groups,OU=HSC,DC=HS,DC=wvu-ad,DC=wvu,DC=edu"
"8322-minolta-4700 Group","9/3/2008 3:02:53 PM","11/2/2021 7:48:38 AM","8322-minolta-4700","CN=8322-minolta-4700 Group,OU=Printer Groups,OU=HSC,DC=HS,DC=wvu-ad,DC=wvu,DC=edu"
"2032-lexmarkt520 Group","10/23/2008 2:50:20 PM","2/18/2021 9:28:56 AM","2032-lexmarkt520 Group","CN=2032-lexmarkt520 Group,OU=Printer Groups,OU=HSC,DC=HS,DC=wvu-ad,DC=wvu,DC=edu"
"g350-hp4200 Group","9/3/2008 3:02:54 PM","2/18/2021 9:28:57 AM","g350-hp4200","CN=g350-hp4200 Group,OU=Printer Groups,OU=HSC,DC=HS,DC=wvu-ad,DC=wvu,DC=edu"
"Erma-200-brotherhl5370 Group","6/23/2010 11:16:45 AM","2/18/2021 9:28:57 AM","Erma-200-brotherhl5370 Group","CN=Erma-200-brotherhl5370 Group,OU=Printer Groups,OU=HSC,DC=HS,DC=wvu-ad,DC=wvu,DC=edu"
"erma-345-hpm551 Group","6/1/2018 1:48:07 PM","10/8/2021 12:07:50 PM","erma-345-hpm551 Group","CN=erma-345-hpm551 Group,OU=Printer Groups,OU=HSC,DC=HS,DC=wvu-ad,DC=wvu,DC=edu"
"1120-hp7680 Group","9/3/2008 3:02:52 PM","2/18/2021 9:28:56 AM","1120-hp7680","CN=1120-hp7680 Group,OU=Printer Groups,OU=HSC,DC=HS,DC=wvu-ad,DC=wvu,DC=edu"
"3101-hplj5m Group","9/3/2008 3:02:52 PM","2/18/2021 9:28:56 AM","3101-hplj5m","CN=3101-hplj5m Group,OU=Printer Groups,OU=HSC,DC=HS,DC=wvu-ad,DC=wvu,DC=edu"
"brni-hpcp4025 Group","6/1/2018 1:53:37 PM","2/18/2021 9:28:57 AM","brni-hpcp4025 Group","CN=brni-hpcp4025 Group,OU=Printer Groups,OU=HSC,DC=HS,DC=wvu-ad,DC=wvu,DC=edu"
"4093a-minolta-c3110 Group","9/1/2020 2:19:00 PM","4/5/2021 2:34:51 PM","4093a-minolta-c3110 Group","CN=4093a-minolta-c3110 Group,OU=Printer Groups,OU=HSC,DC=HS,DC=wvu-ad,DC=wvu,DC=edu"
"2235-minolta-c258 Group","11/1/2018 4:48:25 PM","11/17/2021 11:02:28 AM","2235-minolta-c258 Group","CN=2235-minolta-c258 Group,OU=Printer Groups,OU=HSC,DC=HS,DC=wvu-ad,DC=wvu,DC=edu"
"4304-hp4050 Group","8/4/2010 12:36:48 PM","2/18/2021 9:28:56 AM","4304-hp4050 Group","CN=4304-hp4050 Group,OU=Printer Groups,OU=HSC,DC=HS,DC=wvu-ad,DC=wvu,DC=edu"
"H-CRH1-RM133 Group","1/19/2021 10:57:59 AM","2/18/2021 9:28:57 AM","H-CRH1-RM133 Group","CN=H-CRH1-RM133 Group,OU=Printer Groups,OU=HSC,DC=HS,DC=wvu-ad,DC=wvu,DC=edu"
"Gismondi Printer","6/29/2010 9:20:45 AM","2/18/2021 9:28:57 AM","Gismondi Printer","CN=Gismondi Printer,OU=Printer Groups,OU=HSC,DC=HS,DC=wvu-ad,DC=wvu,DC=edu"
"erma-g109-brother-mfc8900cdw Group","8/5/2021 11:33:53 AM","8/5/2021 2:25:09 PM","erma-g109-brother-mfc8900cdw Group","CN=erma-g109-brother-mfc8900cdw Group,OU=Printer Groups,OU=HSC,DC=HS,DC=wvu-ad,DC=wvu,DC=edu"
"4103-minolta4700 Group","9/24/2018 11:58:48 AM","7/8/2021 1:56:10 PM","4103-minolta4700 Group","CN=4103-minolta4700 Group,OU=Printer Groups,OU=HSC,DC=HS,DC=wvu-ad,DC=wvu,DC=edu"
"CRH1-WR122 Printer Group","11/2/2020 1:18:11 PM","2/18/2021 9:28:57 AM","CRH1-WR122 Printer Group","CN=CRH1-WR122 Printer Group,OU=Printer Groups,OU=HSC,DC=HS,DC=wvu-ad,DC=wvu,DC=edu"
"4014-oki6100 Group","9/3/2008 3:02:53 PM","2/18/2021 9:28:56 AM","4014-oki6100","CN=4014-oki6100 Group,OU=Printer Groups,OU=HSC,DC=HS,DC=wvu-ad,DC=wvu,DC=edu"
"g355a-5252","10/7/2009 2:19:05 PM","2/18/2021 9:28:57 AM","g355a-5252","CN=g355a-5252,OU=Printer Groups,OU=HSC,DC=HS,DC=wvu-ad,DC=wvu,DC=edu"
"4400-hpljp2035n Group","8/25/2009 2:22:38 PM","2/18/2021 9:28:56 AM","4400-hpljp2035n Group","CN=4400-hpljp2035n Group,OU=Printer Groups,OU=HSC,DC=HS,DC=wvu-ad,DC=wvu,DC=edu"
"2041-hpcp4025 Group","3/9/2015 2:10:06 PM","2/18/2021 9:28:56 AM","2041-hpcp4025 Group","CN=2041-hpcp4025 Group,OU=Printer Groups,OU=HSC,DC=HS,DC=wvu-ad,DC=wvu,DC=edu"
"1168-HP Group","9/3/2008 3:02:52 PM","2/18/2021 9:28:56 AM","1168-HP","CN=1168-HP Group,OU=Printer Groups,OU=HSC,DC=HS,DC=wvu-ad,DC=wvu,DC=edu"
"5412-HP4240 Group","9/3/2008 3:02:53 PM","2/18/2021 9:28:56 AM","5412-HP4240","CN=5412-HP4240 Group,OU=Printer Groups,OU=HSC,DC=HS,DC=wvu-ad,DC=wvu,DC=edu"
"2041-hp4015 Group","3/12/2015 9:50:54 AM","2/18/2021 9:28:56 AM","2041-hp4015 Group","CN=2041-hp4015 Group,OU=Printer Groups,OU=HSC,DC=HS,DC=wvu-ad,DC=wvu,DC=edu"
"3132-xerox8560 Group","9/3/2008 3:02:52 PM","2/18/2021 9:28:56 AM","3132-xerox8560","CN=3132-xerox8560 Group,OU=Printer Groups,OU=HSC,DC=HS,DC=wvu-ad,DC=wvu,DC=edu"
"2307-hpoj6000","2/16/2011 11:34:40 AM","10/7/2021 8:22:03 AM","2307-hpoj6000","CN=2307-hpoj6000,OU=Printer Groups,OU=HSC,DC=HS,DC=wvu-ad,DC=wvu,DC=edu"
"1025-hpoj8630","12/15/2014 10:03:00 AM","2/18/2021 9:28:56 AM","1025-hpoj8630","CN=1025-hpoj8630,OU=Printer Groups,OU=HSC,DC=HS,DC=wvu-ad,DC=wvu,DC=edu"
"4075a-minolta-4700p Group","1/11/2018 9:22:49 AM","3/3/2021 11:04:00 AM","4075a-minolta-4700p Group","CN=4075a-minolta-4700p Group,OU=Printer Groups,OU=HSC,DC=HS,DC=wvu-ad,DC=wvu,DC=edu"
"1159-HP2550 Group","9/3/2008 3:02:52 PM","2/18/2021 9:28:56 AM","1159-HP2550","CN=1159-HP2550 Group,OU=Printer Groups,OU=HSC,DC=HS,DC=wvu-ad,DC=wvu,DC=edu"
"5400-HPLJ4 Group","9/3/2008 3:02:53 PM","2/18/2021 9:28:56 AM","5400-HPLJ4","CN=5400-HPLJ4 Group,OU=Printer Groups,OU=HSC,DC=HS,DC=wvu-ad,DC=wvu,DC=edu"
"2350g-hpcp2025d","7/27/2010 9:20:11 AM","10/28/2021 1:27:56 PM","2350g-hpcp2025d","CN=2350g-hpcp2025d,OU=Printer Groups,OU=HSC,DC=HS,DC=wvu-ad,DC=wvu,DC=edu"
"b006-ricoh-sp-4510dn Group","11/20/2013 4:06:22 PM","9/21/2021 2:48:27 PM","b006-ricoh-sp-4510dn Group","CN=b006-ricoh-sp-4510dn Group,OU=Printer Groups,OU=HSC,DC=HS,DC=wvu-ad,DC=wvu,DC=edu"
"G252F-HPLJ4M Group","9/3/2008 3:02:53 PM","2/18/2021 9:28:57 AM","G252F-HPLJ4M","CN=G252F-HPLJ4M Group,OU=Printer Groups,OU=HSC,DC=HS,DC=wvu-ad,DC=wvu,DC=edu"
"g121-lexmark-t630","8/17/2011 12:09:00 PM","2/18/2021 9:28:57 AM","g121-lexmark-t630","CN=g121-lexmark-t630,OU=Printer Groups,OU=HSC,DC=HS,DC=wvu-ad,DC=wvu,DC=edu"
"g350a1-Minolta-C224e Group","8/29/2014 11:33:55 AM","2/18/2021 9:28:57 AM","g350a1-Minolta-C224e Group","CN=g350a1-Minolta-C224e Group,OU=Printer Groups,OU=HSC,DC=HS,DC=wvu-ad,DC=wvu,DC=edu"
"1159-hp4000 Group","9/3/2008 3:02:52 PM","10/13/2021 2:44:35 PM","1159-hp4000","CN=1159-hp4000 Group,OU=Printer Groups,OU=HSC,DC=HS,DC=wvu-ad,DC=wvu,DC=edu"
"g106-xerox-6250 Group","9/3/2008 3:02:54 PM","10/13/2021 1:42:25 PM","g106-xerox-6250","CN=g106-xerox-6250 Group,OU=Printer Groups,OU=HSC,DC=HS,DC=wvu-ad,DC=wvu,DC=edu"
"rni-1030-bizhubc224e Group","11/14/2017 3:01:01 PM","11/16/2021 1:39:53 PM","rni-1030-bizhubc224e Group","CN=rni-1030-bizhubc224e Group,OU=Printer Groups,OU=HSC,DC=HS,DC=wvu-ad,DC=wvu,DC=edu"
"3023-hpclj4700 Group","4/18/2008 3:02:41 PM","2/18/2021 9:28:56 AM","3023-hpclj4700 Group","CN=3023-hpclj4700 Group,OU=Printer Groups,OU=HSC,DC=HS,DC=wvu-ad,DC=wvu,DC=edu"
"ermag-128-minolta-c364e Group","7/27/2015 4:04:58 PM","10/27/2021 11:46:46 AM","ermag-128-minolta-c364e Group","CN=ermag-128-minolta-c364e Group,OU=Printer Groups,OU=HSC,DC=HS,DC=wvu-ad,DC=wvu,DC=edu"
"H-CRH1-CASEMGR-COPY Printer Group","11/2/2020 1:21:35 PM","9/27/2021 12:11:59 PM","H-CRH1-CASEMGR-COPY Printer Group","CN=H-CRH1-CASEMGR-COPY Printer Group,OU=Printer Groups,OU=HSC,DC=HS,DC=wvu-ad,DC=wvu,DC=edu"
"5304-HPLJ3330 Group","9/3/2008 3:02:53 PM","2/18/2021 9:28:56 AM","5304-HPLJ3330","CN=5304-HPLJ3330 Group,OU=Printer Groups,OU=HSC,DC=HS,DC=wvu-ad,DC=wvu,DC=edu"
"G190-hplj3600n Group","5/7/2008 2:49:15 PM","2/18/2021 9:28:57 AM","G190-hplj3600n Group","CN=G190-hplj3600n Group,OU=Printer Groups,OU=HSC,DC=HS,DC=wvu-ad,DC=wvu,DC=edu"
"G280-HP2510 Group","9/3/2008 3:02:53 PM","2/18/2021 9:28:57 AM","G280-HP2510","CN=G280-HP2510 Group,OU=Printer Groups,OU=HSC,DC=HS,DC=wvu-ad,DC=wvu,DC=edu"
"3121b-hp5200 Group","9/3/2008 3:02:52 PM","2/18/2021 9:28:56 AM","3121b-hp5200","CN=3121b-hp5200 Group,OU=Printer Groups,OU=HSC,DC=HS,DC=wvu-ad,DC=wvu,DC=edu"
"2267-HPM401n Group","2/12/2014 10:20:03 AM","2/18/2021 9:28:56 AM","2267-HPM401n Group","CN=2267-HPM401n Group,OU=Printer Groups,OU=HSC,DC=HS,DC=wvu-ad,DC=wvu,DC=edu"
"2256-bizhubc253","5/11/2009 10:14:02 AM","2/18/2021 9:28:56 AM","2256-bizhubc253","CN=2256-bizhubc253,OU=Printer Groups,OU=HSC,DC=HS,DC=wvu-ad,DC=wvu,DC=edu"
"erma-g102-minolta-4700p group","7/27/2016 2:14:22 PM","10/27/2021 11:43:32 AM","erma-g102-minolta-4700p group","CN=erma-g102-minolta-4700p group,OU=Printer Groups,OU=HSC,DC=HS,DC=wvu-ad,DC=wvu,DC=edu"
"MOH-HP4200 Group","9/3/2008 3:02:54 PM","2/18/2021 9:28:57 AM","MOH-HP4200","CN=MOH-HP4200 Group,OU=Printer Groups,OU=HSC,DC=HS,DC=wvu-ad,DC=wvu,DC=edu"
"1264-HPLJet2100tn Group","9/3/2008 3:02:52 PM","2/18/2021 9:28:56 AM","1264-HPLJet2100tn","CN=1264-HPLJet2100tn Group,OU=Printer Groups,OU=HSC,DC=HS,DC=wvu-ad,DC=wvu,DC=edu"
"g135-5170dn Group","9/3/2008 3:02:54 PM","2/18/2021 9:28:57 AM","g135-5170dn","CN=g135-5170dn Group,OU=Printer Groups,OU=HSC,DC=HS,DC=wvu-ad,DC=wvu,DC=edu"
"g129-hp2055dn Group","8/19/2010 2:33:43 PM","2/18/2021 9:28:57 AM","g129-hp2055dn Group","CN=g129-hp2055dn Group,OU=Printer Groups,OU=HSC,DC=HS,DC=wvu-ad,DC=wvu,DC=edu"
"3099-hp Group","9/3/2008 3:02:52 PM","2/18/2021 9:28:56 AM","3099-hp","CN=3099-hp Group,OU=Printer Groups,OU=HSC,DC=HS,DC=wvu-ad,DC=wvu,DC=edu"
"erma345-hp3000","3/31/2009 2:03:55 PM","2/18/2021 9:28:57 AM","erma345-hp3000","CN=erma345-hp3000,OU=Printer Groups,OU=HSC,DC=HS,DC=wvu-ad,DC=wvu,DC=edu"
"1128-lexmark Group","9/3/2008 3:02:52 PM","2/18/2021 9:28:56 AM","1128-lexmark","CN=1128-lexmark Group,OU=Printer Groups,OU=HSC,DC=HS,DC=wvu-ad,DC=wvu,DC=edu"
"H-HSC1-PHARM-1617-PRT Printer Group","11/2/2020 1:26:12 PM","2/18/2021 9:28:57 AM","H-HSC1-PHARM-1617-PRT Printer Group","CN=H-HSC1-PHARM-1617-PRT Printer Group,OU=Printer Groups,OU=HSC,DC=HS,DC=wvu-ad,DC=wvu,DC=edu"
"2307-hp3005 Group","9/3/2008 3:02:52 PM","2/18/2021 9:28:56 AM","2307-hp3005","CN=2307-hp3005 Group,OU=Printer Groups,OU=HSC,DC=HS,DC=wvu-ad,DC=wvu,DC=edu"
"2176-minolta-4700p Group","7/21/2017 1:49:24 PM","2/18/2021 9:28:56 AM","2176-minolta-4700p Group","CN=2176-minolta-4700p Group,OU=Printer Groups,OU=HSC,DC=HS,DC=wvu-ad,DC=wvu,DC=edu"
"G350-Plotter Group","9/3/2008 3:02:53 PM","2/18/2021 9:28:57 AM","G350-Plotter","CN=G350-Plotter Group,OU=Printer Groups,OU=HSC,DC=HS,DC=wvu-ad,DC=wvu,DC=edu"
"brother-5100h Group","9/3/2008 3:02:54 PM","2/18/2021 9:28:57 AM","brother-5100h","CN=brother-5100h Group,OU=Printer Groups,OU=HSC,DC=HS,DC=wvu-ad,DC=wvu,DC=edu"
"erma-144-brother4150 Group","10/19/2012 3:23:37 PM","2/18/2021 9:28:57 AM","erma-144-brother4150 Group","CN=erma-144-brother4150 Group,OU=Printer Groups,OU=HSC,DC=HS,DC=wvu-ad,DC=wvu,DC=edu"
"b59-hp2575 Group","7/5/2011 10:25:03 AM","2/18/2021 9:28:57 AM","b59-hp2575 Group","CN=b59-hp2575 Group,OU=Printer Groups,OU=HSC,DC=HS,DC=wvu-ad,DC=wvu,DC=edu"
"HP-3101 Group","9/3/2008 3:02:54 PM","2/18/2021 9:28:57 AM","HP-3101","CN=HP-3101 Group,OU=Printer Groups,OU=HSC,DC=HS,DC=wvu-ad,DC=wvu,DC=edu"
"Helpdesk-Printer Group","2/5/2009 11:33:02 AM","2/18/2021 9:28:57 AM","Helpdesk-Printer Group","CN=Helpdesk-Printer Group,OU=Printer Groups,OU=HSC,DC=HS,DC=wvu-ad,DC=wvu,DC=edu"
"g229f-minolta-c3110p Group","4/13/2017 4:48:24 PM","2/18/2021 9:28:57 AM","g229f-minolta-c3110p Group","CN=g229f-minolta-c3110p Group,OU=Printer Groups,OU=HSC,DC=HS,DC=wvu-ad,DC=wvu,DC=edu"
"4300-canon Group","9/3/2008 3:02:53 PM","2/18/2021 9:28:56 AM","4300-canon","CN=4300-canon Group,OU=Printer Groups,OU=HSC,DC=HS,DC=wvu-ad,DC=wvu,DC=edu"
"prete-3338e-canon-mx860 Group","7/28/2010 11:37:27 AM","2/18/2021 9:28:57 AM","prete-3338e-canon-mx860 Group","CN=prete-3338e-canon-mx860 Group,OU=Printer Groups,OU=HSC,DC=HS,DC=wvu-ad,DC=wvu,DC=edu"
"2278-ricoh-im5000 Group","5/10/2018 9:05:10 AM","10/7/2021 8:22:03 AM","2278-ricoh-im5000 Group","CN=2278-ricoh-im5000 Group,OU=Printer Groups,OU=HSC,DC=HS,DC=wvu-ad,DC=wvu,DC=edu"
"2037-hp1600","3/13/2009 12:53:12 PM","2/18/2021 9:28:56 AM","2037-hp1600","CN=2037-hp1600,OU=Printer Groups,OU=HSC,DC=HS,DC=wvu-ad,DC=wvu,DC=edu"
"3603-hpoj8500","10/29/2012 10:59:02 AM","2/18/2021 9:28:56 AM","3603-hpoj8500","CN=3603-hpoj8500,OU=Printer Groups,OU=HSC,DC=HS,DC=wvu-ad,DC=wvu,DC=edu"
"3096-HP3500 Group","9/3/2008 3:02:52 PM","2/18/2021 9:28:56 AM","3096-HP3500","CN=3096-HP3500 Group,OU=Printer Groups,OU=HSC,DC=HS,DC=wvu-ad,DC=wvu,DC=edu"
"2283-minolta-4700p Group","3/1/2018 11:11:40 AM","2/18/2021 9:28:56 AM","2283-minolta-4700p Group","CN=2283-minolta-4700p Group,OU=Printer Groups,OU=HSC,DC=HS,DC=wvu-ad,DC=wvu,DC=edu"
"3143a-hplj2600n Group","9/3/2008 3:02:52 PM","2/18/2021 9:28:56 AM","3143a-hplj2600n Group","CN=3143a-hplj2600n Group,OU=Printer Groups,OU=HSC,DC=HS,DC=wvu-ad,DC=wvu,DC=edu"
"4627-hp4100 Group","11/1/2016 1:32:37 PM","2/18/2021 9:28:56 AM","4627-hp4100 Group","CN=4627-hp4100 Group,OU=Printer Groups,OU=HSC,DC=HS,DC=wvu-ad,DC=wvu,DC=edu"
"1022-minolta-c258 Group","1/11/2018 8:47:32 AM","8/26/2021 10:53:27 AM","1022-minolta-c258 Group","CN=1022-minolta-c258 Group,OU=Printer Groups,OU=HSC,DC=HS,DC=wvu-ad,DC=wvu,DC=edu"
"2172-HP1300N Group","9/3/2008 3:02:52 PM","2/18/2021 9:28:56 AM","2172-HP1300N","CN=2172-HP1300N Group,OU=Printer Groups,OU=HSC,DC=HS,DC=wvu-ad,DC=wvu,DC=edu"
"2164-xerox Group","9/3/2008 3:02:52 PM","2/18/2021 9:28:56 AM","2164-xerox","CN=2164-xerox Group,OU=Printer Groups,OU=HSC,DC=HS,DC=wvu-ad,DC=wvu,DC=edu"
"2356-hplj4015","12/3/2012 11:02:22 AM","6/9/2021 9:04:32 AM","2356-hplj4015","CN=2356-hplj4015,OU=Printer Groups,OU=HSC,DC=HS,DC=wvu-ad,DC=wvu,DC=edu"
"H-HSCB-RAD-ADMIN Printer Group","11/2/2020 1:46:03 PM","2/18/2021 9:28:57 AM","H-HSCB-RAD-ADMIN Printer Group","CN=H-HSCB-RAD-ADMIN Printer Group,OU=Printer Groups,OU=HSC,DC=HS,DC=wvu-ad,DC=wvu,DC=edu"
"G154-HP2100 Group","9/3/2008 3:02:53 PM","2/18/2021 9:28:57 AM","G154-HP2100","CN=G154-HP2100 Group,OU=Printer Groups,OU=HSC,DC=HS,DC=wvu-ad,DC=wvu,DC=edu"
"G350-Sharp350 Group","9/3/2008 3:02:53 PM","2/18/2021 9:28:57 AM","G350-Sharp350","CN=G350-Sharp350 Group,OU=Printer Groups,OU=HSC,DC=HS,DC=wvu-ad,DC=wvu,DC=edu"
"5702-minolta-c258 Group","7/27/2016 2:05:14 PM","10/5/2021 8:33:34 AM","5702-minolta-c258","CN=5702-minolta-c258 Group,OU=Printer Groups,OU=HSC,DC=HS,DC=wvu-ad,DC=wvu,DC=edu"
"1265a-minolta-c368","7/3/2018 2:43:42 PM","10/25/2021 1:46:52 PM","1265a-minolta-c368","CN=1265a-minolta-c368,OU=Printer Groups,OU=HSC,DC=HS,DC=wvu-ad,DC=wvu,DC=edu"
"3603a-hp4250 Group","9/3/2008 3:02:53 PM","2/18/2021 9:28:56 AM","3603a-hp4250 Group","CN=3603a-hp4250 Group,OU=Printer Groups,OU=HSC,DC=HS,DC=wvu-ad,DC=wvu,DC=edu"
"g129-lex120 Group","9/3/2008 3:02:54 PM","2/18/2021 9:28:57 AM","g129-lex120","CN=g129-lex120 Group,OU=Printer Groups,OU=HSC,DC=HS,DC=wvu-ad,DC=wvu,DC=edu"
"big-chimney-minolta-421 Group","4/30/2019 9:50:16 AM","11/18/2021 9:59:18 AM","big-chimney-minolta-421 Group","CN=big-chimney-minolta-421 Group,OU=Printer Groups,OU=HSC,DC=HS,DC=wvu-ad,DC=wvu,DC=edu"
"g111b-minolta-c3100p Group","10/28/2020 1:37:05 PM","3/4/2021 12:51:35 PM","g111b-minolta-c3100p Group","CN=g111b-minolta-c3100p Group,OU=Printer Groups,OU=HSC,DC=HS,DC=wvu-ad,DC=wvu,DC=edu"
"HSCB-MRI-Front Printer Group","11/2/2020 1:49:51 PM","2/25/2021 10:10:28 AM","HSCB-MRI-Front Printer Group","CN=HSCB-MRI-Front Printer Group,OU=Printer Groups,OU=HSC,DC=HS,DC=wvu-ad,DC=wvu,DC=edu"
"5700-hp4500 Group","9/3/2008 3:02:53 PM","10/5/2021 8:33:34 AM","5700-hp4500","CN=5700-hp4500 Group,OU=Printer Groups,OU=HSC,DC=HS,DC=wvu-ad,DC=wvu,DC=edu"
"3023-minolta420 Group","1/13/2009 2:20:27 PM","2/18/2021 9:28:56 AM","3023-minolta420 Group","CN=3023-minolta420 Group,OU=Printer Groups,OU=HSC,DC=HS,DC=wvu-ad,DC=wvu,DC=edu"
"3062-HP2550 Group","9/3/2008 3:02:52 PM","2/18/2021 9:28:56 AM","3062-HP2550","CN=3062-HP2550 Group,OU=Printer Groups,OU=HSC,DC=HS,DC=wvu-ad,DC=wvu,DC=edu"
"1124-sharp Group","9/3/2008 3:02:52 PM","2/18/2021 9:28:56 AM","1124-sharp","CN=1124-sharp Group,OU=Printer Groups,OU=HSC,DC=HS,DC=wvu-ad,DC=wvu,DC=edu"
"6400-hpc1518ni Group","9/3/2008 3:02:53 PM","2/18/2021 9:28:56 AM","6400-hpc1518ni","CN=6400-hpc1518ni Group,OU=Printer Groups,OU=HSC,DC=HS,DC=wvu-ad,DC=wvu,DC=edu"
"2244-ricoh-mp-c4500 Group","2/26/2014 2:02:00 PM","11/17/2021 4:01:31 PM","2244-ricoh-mp-c4500 Group","CN=2244-ricoh-mp-c4500 Group,OU=Printer Groups,OU=HSC,DC=HS,DC=wvu-ad,DC=wvu,DC=edu"
"1200J-HP1320N Group","9/3/2008 3:02:52 PM","2/18/2021 9:28:56 AM","1200J-HP1320N","CN=1200J-HP1320N Group,OU=Printer Groups,OU=HSC,DC=HS,DC=wvu-ad,DC=wvu,DC=edu"
"8501-minolta421 Group","1/11/2013 8:23:20 AM","8/27/2021 2:27:59 PM","8501-minolta421 Group","CN=8501-minolta421 Group,OU=Printer Groups,OU=HSC,DC=HS,DC=wvu-ad,DC=wvu,DC=edu"
"1120-minoltac451 Group","9/1/2009 1:52:05 PM","2/18/2021 9:28:56 AM","1120-minoltac451 Group","CN=1120-minoltac451 Group,OU=Printer Groups,OU=HSC,DC=HS,DC=wvu-ad,DC=wvu,DC=edu"
"erma3-370-brother44dcn Group","1/29/2009 3:28:47 PM","2/18/2021 9:28:57 AM","erma3-370-brother44dcn Group","CN=erma3-370-brother44dcn Group,OU=Printer Groups,OU=HSC,DC=HS,DC=wvu-ad,DC=wvu,DC=edu"
"MDTV-1257-HPLJ5 Group","9/3/2008 3:02:54 PM","2/18/2021 9:28:57 AM","MDTV-1257-HPLJ5","CN=MDTV-1257-HPLJ5 Group,OU=Printer Groups,OU=HSC,DC=HS,DC=wvu-ad,DC=wvu,DC=edu"
"4612-hp3800-broke","5/14/2009 2:46:09 PM","2/18/2021 9:28:56 AM","4612-hp3800-broke","CN=4612-hp3800-broke,OU=Printer Groups,OU=HSC,DC=HS,DC=wvu-ad,DC=wvu,DC=edu"
"4612-minolta-c3110 group","9/14/2016 11:53:58 AM","7/23/2021 1:40:36 PM","4612-minolta-c3110 group","CN=4612-minolta-c3110 group,OU=Printer Groups,OU=HSC,DC=HS,DC=wvu-ad,DC=wvu,DC=edu"
"1122-hp4200 Group","9/3/2008 3:02:53 PM","2/18/2021 9:28:56 AM","1122-hp4200","CN=1122-hp4200 Group,OU=Printer Groups,OU=HSC,DC=HS,DC=wvu-ad,DC=wvu,DC=edu"
"1255-minolta-c258 group","7/27/2016 2:27:03 PM","2/18/2021 9:28:56 AM","1255-minolta-c258 group","CN=1255-minolta-c258 group,OU=Printer Groups,OU=HSC,DC=HS,DC=wvu-ad,DC=wvu,DC=edu"
"1392-ricoh-mp-c6004ex Group","1/22/2018 9:47:29 AM","9/16/2021 8:40:03 AM","1392-ricoh-mp-c6004ex Group","CN=1392-ricoh-mp-c6004ex Group,OU=Printer Groups,OU=HSC,DC=HS,DC=wvu-ad,DC=wvu,DC=edu"
"3338c-xerox Group","9/3/2008 3:02:52 PM","2/18/2021 9:28:56 AM","3338c-xerox","CN=3338c-xerox Group,OU=Printer Groups,OU=HSC,DC=HS,DC=wvu-ad,DC=wvu,DC=edu"
"3040-lexmark Group","12/14/2009 11:20:03 AM","2/18/2021 9:28:56 AM","3040-lexmark Group","CN=3040-lexmark Group,OU=Printer Groups,OU=HSC,DC=HS,DC=wvu-ad,DC=wvu,DC=edu"
"g270-hplj-m750","2/11/2016 9:47:04 AM","11/29/2021 8:58:52 AM","g270-hplj-m750","CN=g270-hplj-m750,OU=Printer Groups,OU=HSC,DC=HS,DC=wvu-ad,DC=wvu,DC=edu"
"6600-hp1320 Group","3/10/2009 2:34:26 PM","2/18/2021 9:28:56 AM","6600-hp1320 Group","CN=6600-hp1320 Group,OU=Printer Groups,OU=HSC,DC=HS,DC=wvu-ad,DC=wvu,DC=edu"
"4052-HP1320 Group","9/3/2008 3:02:53 PM","2/18/2021 9:28:56 AM","4052-HP1320","CN=4052-HP1320 Group,OU=Printer Groups,OU=HSC,DC=HS,DC=wvu-ad,DC=wvu,DC=edu"
"HSCB-RadOn-GammaK Printer Group","11/2/2020 1:54:35 PM","2/18/2021 9:28:57 AM","HSCB-RadOn-GammaK Printer Group","CN=HSCB-RadOn-GammaK Printer Group,OU=Printer Groups,OU=HSC,DC=HS,DC=wvu-ad,DC=wvu,DC=edu"
"g290-hp7680 Group","9/3/2008 3:02:54 PM","2/18/2021 9:28:57 AM","g290-hp7680","CN=g290-hp7680 Group,OU=Printer Groups,OU=HSC,DC=HS,DC=wvu-ad,DC=wvu,DC=edu"
"4526-ricoh4502 Group","12/12/2012 9:17:36 AM","7/16/2021 11:37:15 AM","4526-ricoh4502 Group","CN=4526-ricoh4502 Group,OU=Printer Groups,OU=HSC,DC=HS,DC=wvu-ad,DC=wvu,DC=edu"
"1120-xerox-265 Group","9/3/2008 3:02:52 PM","2/18/2021 9:28:56 AM","1120-xerox-265","CN=1120-xerox-265 Group,OU=Printer Groups,OU=HSC,DC=HS,DC=wvu-ad,DC=wvu,DC=edu"
"1150-minolta-c3100p Group","1/12/2021 1:17:36 PM","2/18/2021 9:28:56 AM","1150-minolta-c3100p Group","CN=1150-minolta-c3100p Group,OU=Printer Groups,OU=HSC,DC=HS,DC=wvu-ad,DC=wvu,DC=edu"
"2257-minolta-c3110","1/15/2015 3:43:40 PM","2/18/2021 9:28:56 AM","2257-minolta-c3110","CN=2257-minolta-c3110,OU=Printer Groups,OU=HSC,DC=HS,DC=wvu-ad,DC=wvu,DC=edu"
"erma2-hplj2840 Group","9/3/2008 3:02:53 PM","2/18/2021 9:28:57 AM","erma2-hplj2840","CN=erma2-hplj2840 Group,OU=Printer Groups,OU=HSC,DC=HS,DC=wvu-ad,DC=wvu,DC=edu"
"4616-brotherJ6720dw Group","1/6/2009 11:38:04 AM","2/18/2021 9:28:56 AM","4616-brotherJ6720dw Group","CN=4616-brotherJ6720dw Group,OU=Printer Groups,OU=HSC,DC=HS,DC=wvu-ad,DC=wvu,DC=edu"
"G100-HP1320 Group","9/3/2008 3:02:53 PM","2/18/2021 9:28:57 AM","G100-HP1320","CN=G100-HP1320 Group,OU=Printer Groups,OU=HSC,DC=HS,DC=wvu-ad,DC=wvu,DC=edu"
"2095-hp4700 Group","5/11/2009 11:15:13 AM","2/18/2021 9:28:56 AM","2095-hp4700 Group","CN=2095-hp4700 Group,OU=Printer Groups,OU=HSC,DC=HS,DC=wvu-ad,DC=wvu,DC=edu"
"3152-hp2500 Group","9/3/2008 3:02:52 PM","2/18/2021 9:28:56 AM","3152-hp2500","CN=3152-hp2500 Group,OU=Printer Groups,OU=HSC,DC=HS,DC=wvu-ad,DC=wvu,DC=edu"
"erma345-hp4200","3/31/2009 2:04:09 PM","2/18/2021 9:28:57 AM","erma345-hp4200","CN=erma345-hp4200,OU=Printer Groups,OU=HSC,DC=HS,DC=wvu-ad,DC=wvu,DC=edu"
"2095-hplj9050 Group","5/11/2009 11:15:02 AM","2/18/2021 9:28:56 AM","2095-hplj9050 Group","CN=2095-hplj9050 Group,OU=Printer Groups,OU=HSC,DC=HS,DC=wvu-ad,DC=wvu,DC=edu"
"2088-hp1100 Group","9/3/2008 3:02:52 PM","2/18/2021 9:28:56 AM","2088-hp1100","CN=2088-hp1100 Group,OU=Printer Groups,OU=HSC,DC=HS,DC=wvu-ad,DC=wvu,DC=edu"
"g301-hplj4250dn Group","10/21/2014 3:01:38 PM","2/18/2021 9:28:57 AM","g301-hplj4250dn Group","CN=g301-hplj4250dn Group,OU=Printer Groups,OU=HSC,DC=HS,DC=wvu-ad,DC=wvu,DC=edu"
"2252-bizhub-c3110 Group","3/25/2015 11:12:58 AM","2/18/2021 9:28:56 AM","2252-bizhub-c3110 Group","CN=2252-bizhub-c3110 Group,OU=Printer Groups,OU=HSC,DC=HS,DC=wvu-ad,DC=wvu,DC=edu"
"4422-minolta-b363 Group","4/25/2019 12:44:51 PM","9/21/2021 2:39:05 PM","4422-minolta-b363 Group","CN=4422-minolta-b363 Group,OU=Printer Groups,OU=HSC,DC=HS,DC=wvu-ad,DC=wvu,DC=edu"
"g270-hp4050 Group","9/3/2008 3:02:54 PM","2/18/2021 9:28:57 AM","g270-hp4050","CN=g270-hp4050 Group,OU=Printer Groups,OU=HSC,DC=HS,DC=wvu-ad,DC=wvu,DC=edu"
"CRH2-Adult Group","2/25/2021 10:06:21 AM","2/25/2021 10:07:36 AM","CRH2-Adult Group","CN=CRH2-Adult Group,OU=Printer Groups,OU=HSC,DC=HS,DC=wvu-ad,DC=wvu,DC=edu"
"3096-HP1320N Group","9/3/2008 3:02:52 PM","2/18/2021 9:28:56 AM","3096-HP1320N","CN=3096-HP1320N Group,OU=Printer Groups,OU=HSC,DC=HS,DC=wvu-ad,DC=wvu,DC=edu"
"7500-cannon","4/29/2010 9:32:32 AM","2/18/2021 9:28:56 AM","7500-cannon","CN=7500-cannon,OU=Printer Groups,OU=HSC,DC=HS,DC=wvu-ad,DC=wvu,DC=edu"
"erma345-hplj500m551 Group","12/12/2013 7:38:59 AM","2/18/2021 9:28:57 AM","erma345-hplj500m551 Group","CN=erma345-hplj500m551 Group,OU=Printer Groups,OU=HSC,DC=HS,DC=wvu-ad,DC=wvu,DC=edu"
"5303-hp8100 Group","8/4/2010 10:48:27 AM","2/18/2021 9:28:56 AM","5303-hp8100 Group","CN=5303-hp8100 Group,OU=Printer Groups,OU=HSC,DC=HS,DC=wvu-ad,DC=wvu,DC=edu"
"4076a-minolta-c224e Group","5/18/2016 9:23:50 AM","7/8/2021 1:53:56 PM","4076a-minolta-c224e Group","CN=4076a-minolta-c224e Group,OU=Printer Groups,OU=HSC,DC=HS,DC=wvu-ad,DC=wvu,DC=edu"
"CRH1-OutPatReg Group","2/25/2021 10:07:46 AM","8/16/2021 12:35:17 PM","CRH1-OutPatReg Group","CN=CRH1-OutPatReg Group,OU=Printer Groups,OU=HSC,DC=HS,DC=wvu-ad,DC=wvu,DC=edu"
"2039-minolta-c3100p Group","10/24/2017 11:57:45 AM","2/18/2021 9:28:56 AM","2039-minolta-c3100p Group","CN=2039-minolta-c3100p Group,OU=Printer Groups,OU=HSC,DC=HS,DC=wvu-ad,DC=wvu,DC=edu"
"HSCG-Rad-Educ Printer Group","11/2/2020 1:59:32 PM","9/14/2021 3:26:32 PM","HSCG-Rad-Educ Printer Group","CN=HSCG-Rad-Educ Printer Group,OU=Printer Groups,OU=HSC,DC=HS,DC=wvu-ad,DC=wvu,DC=edu"
"4056-hp2200 Group","9/3/2008 3:02:53 PM","2/18/2021 9:28:56 AM","4056-hp2200","CN=4056-hp2200 Group,OU=Printer Groups,OU=HSC,DC=HS,DC=wvu-ad,DC=wvu,DC=edu"
"4076a-advantagedlx Group","8/5/2010 12:21:40 PM","2/18/2021 9:28:56 AM","4076a-advantagedlx Group","CN=4076a-advantagedlx Group,OU=Printer Groups,OU=HSC,DC=HS,DC=wvu-ad,DC=wvu,DC=edu"
"8607-hpoj6300 Group","11/2/2011 8:42:29 AM","2/18/2021 9:28:57 AM","8607-hpoj6300 Group","CN=8607-hpoj6300 Group,OU=Printer Groups,OU=HSC,DC=HS,DC=wvu-ad,DC=wvu,DC=edu"
"8604-hp-m127fn","8/14/2015 12:28:15 PM","2/18/2021 9:28:57 AM","8604-hp-m127fn","CN=8604-hp-m127fn,OU=Printer Groups,OU=HSC,DC=HS,DC=wvu-ad,DC=wvu,DC=edu"
"1157-HP940C Group","9/3/2008 3:02:52 PM","2/18/2021 9:28:56 AM","1157-HP940C","CN=1157-HP940C Group,OU=Printer Groups,OU=HSC,DC=HS,DC=wvu-ad,DC=wvu,DC=edu"
"4737-ricohmp301 Group","9/12/2013 2:38:44 PM","2/18/2021 9:28:56 AM","4737-ricohmp301 Group","CN=4737-ricohmp301 Group,OU=Printer Groups,OU=HSC,DC=HS,DC=wvu-ad,DC=wvu,DC=edu"
"119-hpc410","7/14/2011 11:32:14 AM","2/18/2021 9:28:56 AM","119-hpc410","CN=119-hpc410,OU=Printer Groups,OU=HSC,DC=HS,DC=wvu-ad,DC=wvu,DC=edu"
"HSCG-Rad-Educ Group","2/25/2021 10:08:34 AM","2/25/2021 10:11:04 AM","HSCG-Rad-Educ Group","CN=HSCG-Rad-Educ Group,OU=Printer Groups,OU=HSC,DC=HS,DC=wvu-ad,DC=wvu,DC=edu"
"g270-hp4005 Group","9/3/2008 3:02:54 PM","8/13/2021 7:44:04 AM","g270-hp4005","CN=g270-hp4005 Group,OU=Printer Groups,OU=HSC,DC=HS,DC=wvu-ad,DC=wvu,DC=edu"
"HSC4-ENT-Rm2220B Group","2/25/2021 10:09:26 AM","2/25/2021 10:09:52 AM","HSC4-ENT-Rm2220B Group","CN=HSC4-ENT-Rm2220B Group,OU=Printer Groups,OU=HSC,DC=HS,DC=wvu-ad,DC=wvu,DC=edu"
"3114-HP Group","9/3/2008 3:02:52 PM","2/18/2021 9:28:56 AM","3114-HP","CN=3114-HP Group,OU=Printer Groups,OU=HSC,DC=HS,DC=wvu-ad,DC=wvu,DC=edu"
"1128-lexmarkc543n Group","4/11/2012 9:06:24 AM","2/18/2021 9:28:56 AM","1128-lexmarkc543n Group","CN=1128-lexmarkc543n Group,OU=Printer Groups,OU=HSC,DC=HS,DC=wvu-ad,DC=wvu,DC=edu"
"2038-brother-6180dw Group","11/20/2012 9:57:56 AM","2/18/2021 9:28:56 AM","2038-brother-6180dw Group","CN=2038-brother-6180dw Group,OU=Printer Groups,OU=HSC,DC=HS,DC=wvu-ad,DC=wvu,DC=edu"
"3678-minolta-c3100p group","7/28/2016 7:24:54 AM","9/23/2021 3:11:10 PM","3678-minolta-c3100p group","CN=3678-minolta-c3100p group,OU=Printer Groups,OU=HSC,DC=HS,DC=wvu-ad,DC=wvu,DC=edu"
"g280b-hp2430 Group","9/4/2020 1:35:57 PM","2/18/2021 9:28:57 AM","g280b-hp2430 Group","CN=g280b-hp2430 Group,OU=Printer Groups,OU=HSC,DC=HS,DC=wvu-ad,DC=wvu,DC=edu"
"H-HSC-GENPED-PRT Group","2/25/2021 10:12:00 AM","2/25/2021 10:12:17 AM","H-HSC-GENPED-PRT Group","CN=H-HSC-GENPED-PRT Group,OU=Printer Groups,OU=HSC,DC=HS,DC=wvu-ad,DC=wvu,DC=edu"
"Ruby3-CL-Copier Printer Group","11/2/2020 2:03:36 PM","7/27/2021 12:42:28 PM","Ruby3-CL-Copier Printer Group","CN=Ruby3-CL-Copier Printer Group,OU=Printer Groups,OU=HSC,DC=HS,DC=wvu-ad,DC=wvu,DC=edu"
"g111b-minolta223 Group","9/3/2008 3:02:54 PM","2/18/2021 9:28:57 AM","g111b-minolta223","CN=g111b-minolta223 Group,OU=Printer Groups,OU=HSC,DC=HS,DC=wvu-ad,DC=wvu,DC=edu"
"HSCB-RadOn-DosiCol Group","2/25/2021 10:12:34 AM","2/25/2021 10:13:17 AM","HSCB-RadOn-DosiCol Group","CN=HSCB-RadOn-DosiCol Group,OU=Printer Groups,OU=HSC,DC=HS,DC=wvu-ad,DC=wvu,DC=edu"
"G304-HP2510 Group","9/3/2008 3:02:53 PM","2/18/2021 9:28:57 AM","G304-HP2510","CN=G304-HP2510 Group,OU=Printer Groups,OU=HSC,DC=HS,DC=wvu-ad,DC=wvu,DC=edu"
"erma-g130-minolta-c364e Group","9/2/2015 11:45:45 AM","10/26/2021 12:20:43 PM","erma-g130-minolta-c364e Group","CN=erma-g130-minolta-c364e Group,OU=Printer Groups,OU=HSC,DC=HS,DC=wvu-ad,DC=wvu,DC=edu"
"2033-hl-517odn Group","9/3/2008 3:02:52 PM","2/18/2021 9:28:56 AM","2033-hl-517odn","CN=2033-hl-517odn Group,OU=Printer Groups,OU=HSC,DC=HS,DC=wvu-ad,DC=wvu,DC=edu"
"g125-brother4070 Group","11/9/2012 1:35:59 PM","2/18/2021 9:28:57 AM","g125-brother4070 Group","CN=g125-brother4070 Group,OU=Printer Groups,OU=HSC,DC=HS,DC=wvu-ad,DC=wvu,DC=edu"
"b848-ricoh-c4500 Group","5/20/2015 10:42:51 AM","9/14/2021 11:04:09 AM","b848-ricoh-c4500 Group","CN=b848-ricoh-c4500 Group,OU=Printer Groups,OU=HSC,DC=HS,DC=wvu-ad,DC=wvu,DC=edu"
"3138-hp3505 Group","1/21/2009 1:24:49 PM","2/18/2021 9:28:56 AM","3138-hp3505 Group","CN=3138-hp3505 Group,OU=Printer Groups,OU=HSC,DC=HS,DC=wvu-ad,DC=wvu,DC=edu"
"3075-HPLJ4200N Group","9/3/2008 3:02:52 PM","2/18/2021 9:28:56 AM","3075-HPLJ4200N","CN=3075-HPLJ4200N Group,OU=Printer Groups,OU=HSC,DC=HS,DC=wvu-ad,DC=wvu,DC=edu"
"2350b-ricoh-im550 group","3/7/2018 2:25:04 PM","10/28/2021 2:13:32 PM","2350b-ricoh-im550 group","CN=2350b-ricoh-im550 group,OU=Printer Groups,OU=HSC,DC=HS,DC=wvu-ad,DC=wvu,DC=edu"
"4626-minolta654","7/12/2013 9:21:50 AM","2/18/2021 9:28:56 AM","4626-minolta654","CN=4626-minolta654,OU=Printer Groups,OU=HSC,DC=HS,DC=wvu-ad,DC=wvu,DC=edu"
"1144-hp5000 Group","9/3/2008 3:02:52 PM","2/18/2021 9:28:56 AM","1144-hp5000 Group","CN=1144-hp5000 Group,OU=Printer Groups,OU=HSC,DC=HS,DC=wvu-ad,DC=wvu,DC=edu"
"3075-hp4 Group","9/3/2008 3:02:52 PM","2/18/2021 9:28:56 AM","3075-hp4","CN=3075-hp4 Group,OU=Printer Groups,OU=HSC,DC=HS,DC=wvu-ad,DC=wvu,DC=edu"
"8322-Xerox Group","9/3/2008 3:02:53 PM","2/18/2021 9:28:56 AM","8322-Xerox","CN=8322-Xerox Group,OU=Printer Groups,OU=HSC,DC=HS,DC=wvu-ad,DC=wvu,DC=edu"
"3018-minoltac25 Group","9/6/2013 12:05:20 PM","2/18/2021 9:28:56 AM","3018-minoltac25 Group","CN=3018-minoltac25 Group,OU=Printer Groups,OU=HSC,DC=HS,DC=wvu-ad,DC=wvu,DC=edu"
"2160-richocl3500n Group","9/27/2013 11:24:20 AM","2/18/2021 9:28:56 AM","2160-richocl3500n Group","CN=2160-richocl3500n Group,OU=Printer Groups,OU=HSC,DC=HS,DC=wvu-ad,DC=wvu,DC=edu"
"HDPrinter Group","9/3/2008 3:02:53 PM","2/18/2021 9:28:57 AM","HDPrinter","CN=HDPrinter Group,OU=Printer Groups,OU=HSC,DC=HS,DC=wvu-ad,DC=wvu,DC=edu"
"1129-minoltac364","6/19/2013 11:15:02 AM","11/17/2021 3:47:17 PM","1129-minoltac364","CN=1129-minoltac364,OU=Printer Groups,OU=HSC,DC=HS,DC=wvu-ad,DC=wvu,DC=edu"
"positive-health-minolta-c224e Group","4/30/2015 11:48:31 AM","10/18/2021 9:41:05 AM","positive-health-minolta-c224e Group","CN=positive-health-minolta-c224e Group,OU=Printer Groups,OU=HSC,DC=HS,DC=wvu-ad,DC=wvu,DC=edu"
"2278-hpljp3015n Group","12/5/2012 12:56:49 PM","10/7/2021 8:34:48 AM","2278-hpljp3015n Group","CN=2278-hpljp3015n Group,OU=Printer Groups,OU=HSC,DC=HS,DC=wvu-ad,DC=wvu,DC=edu"
"4742-hpcp3525","5/3/2011 3:02:23 PM","2/18/2021 9:28:56 AM","4742-hpcp3525","CN=4742-hpcp3525,OU=Printer Groups,OU=HSC,DC=HS,DC=wvu-ad,DC=wvu,DC=edu"
"g139-xerox-232 Group","9/3/2008 3:02:54 PM","2/18/2021 9:28:57 AM","g139-xerox-232","CN=g139-xerox-232 Group,OU=Printer Groups,OU=HSC,DC=HS,DC=wvu-ad,DC=wvu,DC=edu"
"3132-xerox8650 Group","9/3/2008 3:02:52 PM","2/18/2021 9:28:56 AM","3132-xerox8650","CN=3132-xerox8650 Group,OU=Printer Groups,OU=HSC,DC=HS,DC=wvu-ad,DC=wvu,DC=edu"
"3152-minolta-c224e Group","1/11/2011 7:55:22 AM","2/18/2021 9:28:56 AM","3152-minolta-c224e Group","CN=3152-minolta-c224e Group,OU=Printer Groups,OU=HSC,DC=HS,DC=wvu-ad,DC=wvu,DC=edu"
"b111-hp4100 Group","11/2/2018 10:11:00 AM","10/7/2021 8:22:03 AM","b111-hp4100 Group","CN=b111-hp4100 Group,OU=Printer Groups,OU=HSC,DC=HS,DC=wvu-ad,DC=wvu,DC=edu"
"4612-HPLJ4100 Group","9/3/2008 3:02:53 PM","2/18/2021 9:28:56 AM","4612-HPLJ4100","CN=4612-HPLJ4100 Group,OU=Printer Groups,OU=HSC,DC=HS,DC=wvu-ad,DC=wvu,DC=edu"
"b111-hp2600n Group","11/2/2018 10:10:41 AM","10/7/2021 8:22:03 AM","b111-hp2600n Group","CN=b111-hp2600n Group,OU=Printer Groups,OU=HSC,DC=HS,DC=wvu-ad,DC=wvu,DC=edu"
"1206b-brother5370dw","4/21/2010 3:59:45 PM","2/18/2021 9:28:56 AM","1206b-brother5370dw","CN=1206b-brother5370dw,OU=Printer Groups,OU=HSC,DC=HS,DC=wvu-ad,DC=wvu,DC=edu"
"erma-1st-minoltac364e Group","12/5/2013 10:23:11 AM","2/18/2021 9:28:57 AM","erma-1st-minoltac364e Group","CN=erma-1st-minoltac364e Group,OU=Printer Groups,OU=HSC,DC=HS,DC=wvu-ad,DC=wvu,DC=edu"
"4096-hp2015 Group","9/3/2008 3:02:53 PM","2/18/2021 9:28:56 AM","4096-hp2015","CN=4096-hp2015 Group,OU=Printer Groups,OU=HSC,DC=HS,DC=wvu-ad,DC=wvu,DC=edu"
"1167c-4100n Group","9/3/2008 3:02:52 PM","2/18/2021 9:28:56 AM","1167c-4100n","CN=1167c-4100n Group,OU=Printer Groups,OU=HSC,DC=HS,DC=wvu-ad,DC=wvu,DC=edu"
"erma-270-canon-mx850 Group","6/10/2010 10:54:25 AM","2/18/2021 9:28:57 AM","erma-270-canon-mx850 Group","CN=erma-270-canon-mx850 Group,OU=Printer Groups,OU=HSC,DC=HS,DC=wvu-ad,DC=wvu,DC=edu"
"g140-hplj-m452dn Group","6/30/2009 11:30:15 AM","11/18/2021 1:45:26 PM","g140-hplj-m452dn Group","CN=g140-hplj-m452dn Group,OU=Printer Groups,OU=HSC,DC=HS,DC=wvu-ad,DC=wvu,DC=edu"
"2244-MinoltaC364 Group","4/23/2013 2:51:32 PM","10/28/2021 11:38:56 AM","2244-MinoltaC364 Group","CN=2244-MinoltaC364 Group,OU=Printer Groups,OU=HSC,DC=HS,DC=wvu-ad,DC=wvu,DC=edu"
"4601-Minolta-4700p Group","9/3/2008 3:02:53 PM","7/27/2021 11:04:40 AM","4601-Minolta-4700p","CN=4601-Minolta-4700p Group,OU=Printer Groups,OU=HSC,DC=HS,DC=wvu-ad,DC=wvu,DC=edu"
"erma2-hp-2600n Group","10/7/2014 12:36:02 PM","2/18/2021 9:28:57 AM","erma2-hp-2600n Group","CN=erma2-hp-2600n Group,OU=Printer Groups,OU=HSC,DC=HS,DC=wvu-ad,DC=wvu,DC=edu"
"4001-hplj2300n Group","8/14/2009 2:17:19 PM","2/18/2021 9:28:56 AM","4001-hplj2300n Group","CN=4001-hplj2300n Group,OU=Printer Groups,OU=HSC,DC=HS,DC=wvu-ad,DC=wvu,DC=edu"
"2172-minolta223 Group","3/27/2012 11:48:19 AM","2/18/2021 9:28:56 AM","2172-minolta223 Group","CN=2172-minolta223 Group,OU=Printer Groups,OU=HSC,DC=HS,DC=wvu-ad,DC=wvu,DC=edu"
"4400-lex360dn Group","1/25/2013 2:58:14 PM","2/18/2021 9:28:56 AM","4400-lex360dn Group","CN=4400-lex360dn Group,OU=Printer Groups,OU=HSC,DC=HS,DC=wvu-ad,DC=wvu,DC=edu"
"7500-ricoh-c6502","12/3/2012 7:46:35 AM","2/18/2021 9:28:56 AM","7500-ricoh-c6502","CN=7500-ricoh-c6502,OU=Printer Groups,OU=HSC,DC=HS,DC=wvu-ad,DC=wvu,DC=edu"
"erma2-hpljm601 Group","2/6/2014 3:49:14 PM","2/18/2021 9:28:57 AM","erma2-hpljm601 Group","CN=erma2-hpljm601 Group,OU=Printer Groups,OU=HSC,DC=HS,DC=wvu-ad,DC=wvu,DC=edu"
"b118-hp2600n Group","6/3/2015 9:22:45 AM","2/18/2021 9:28:57 AM","b118-hp2600n Group","CN=b118-hp2600n Group,OU=Printer Groups,OU=HSC,DC=HS,DC=wvu-ad,DC=wvu,DC=edu"
"2350f-hp1320","4/14/2010 1:53:45 PM","2/18/2021 9:28:56 AM","2350f-hp1320","CN=2350f-hp1320,OU=Printer Groups,OU=HSC,DC=HS,DC=wvu-ad,DC=wvu,DC=edu"
"8701-minolta-c3110 Group","3/4/2016 2:59:47 PM","9/1/2021 10:10:01 AM","8701-minolta-c3110 Group","CN=8701-minolta-c3110 Group,OU=Printer Groups,OU=HSC,DC=HS,DC=wvu-ad,DC=wvu,DC=edu"
"2033-hpljp2035n Group","9/3/2008 3:02:52 PM","2/18/2021 9:28:56 AM","2033-hpljp2035n Group","CN=2033-hpljp2035n Group,OU=Printer Groups,OU=HSC,DC=HS,DC=wvu-ad,DC=wvu,DC=edu"
"brotherhl-4040cn Group","4/30/2009 1:37:09 PM","2/18/2021 9:28:57 AM","brotherhl-4040cn Group","CN=brotherhl-4040cn Group,OU=Printer Groups,OU=HSC,DC=HS,DC=wvu-ad,DC=wvu,DC=edu"
"1122b-minolta601 Group","9/14/2009 9:12:58 AM","2/18/2021 9:28:56 AM","1122b-minolta601 Group","CN=1122b-minolta601 Group,OU=Printer Groups,OU=HSC,DC=HS,DC=wvu-ad,DC=wvu,DC=edu"
"2039-hpcp3525dn","2/13/2012 1:50:45 PM","2/18/2021 9:28:56 AM","2039-hpcp3525dn","CN=2039-hpcp3525dn,OU=Printer Groups,OU=HSC,DC=HS,DC=wvu-ad,DC=wvu,DC=edu"
"1255c-minolta-c364 Group","6/28/2018 8:54:49 AM","2/18/2021 9:28:56 AM","1255c-minolta-c364 Group","CN=1255c-minolta-c364 Group,OU=Printer Groups,OU=HSC,DC=HS,DC=wvu-ad,DC=wvu,DC=edu"
"4308-HPLJ4050 Group","9/3/2008 3:02:53 PM","2/18/2021 9:28:56 AM","4308-HPLJ4050","CN=4308-HPLJ4050 Group,OU=Printer Groups,OU=HSC,DC=HS,DC=wvu-ad,DC=wvu,DC=edu"
"6400-minolta-654 Group","8/13/2019 1:00:52 PM","11/2/2021 11:38:08 AM","6400-minolta-654 Group","CN=6400-minolta-654 Group,OU=Printer Groups,OU=HSC,DC=HS,DC=wvu-ad,DC=wvu,DC=edu"
"8322-bizhub751 Group","7/21/2009 2:35:46 PM","9/22/2021 1:48:06 PM","8322-bizhub751 Group","CN=8322-bizhub751 Group,OU=Printer Groups,OU=HSC,DC=HS,DC=wvu-ad,DC=wvu,DC=edu"
"4075a-hpp3005","6/24/2009 12:04:43 PM","2/18/2021 9:28:56 AM","4075a-hpp3005","CN=4075a-hpp3005,OU=Printer Groups,OU=HSC,DC=HS,DC=wvu-ad,DC=wvu,DC=edu"
"4520b-minolta-4700p Group","9/3/2008 3:02:52 PM","2/18/2021 9:28:56 AM","4520b-minolta-4700p","CN=4520b-minolta-4700p Group,OU=Printer Groups,OU=HSC,DC=HS,DC=wvu-ad,DC=wvu,DC=edu"
"2306-minoltac224e Group","5/21/2014 12:27:34 PM","2/18/2021 9:28:56 AM","2306-minoltac224e Group","CN=2306-minoltac224e Group,OU=Printer Groups,OU=HSC,DC=HS,DC=wvu-ad,DC=wvu,DC=edu"
"3040-brother-5470dw Group","10/10/2014 3:43:46 PM","2/18/2021 9:28:56 AM","3040-brother-5470dw Group","CN=3040-brother-5470dw Group,OU=Printer Groups,OU=HSC,DC=HS,DC=wvu-ad,DC=wvu,DC=edu"
"ggismondi Group","7/12/2010 3:55:39 PM","2/18/2021 9:28:57 AM","ggismondi Group","CN=ggismondi Group,OU=Printer Groups,OU=HSC,DC=HS,DC=wvu-ad,DC=wvu,DC=edu"
"4066B-hpM601 Group","10/6/2014 10:29:42 AM","11/1/2021 7:06:21 AM","4066B-hpM601 Group","CN=4066B-hpM601 Group,OU=Printer Groups,OU=HSC,DC=HS,DC=wvu-ad,DC=wvu,DC=edu"
"G139-HP4600 Group","9/3/2008 3:02:53 PM","2/18/2021 9:28:57 AM","G139-HP4600","CN=G139-HP4600 Group,OU=Printer Groups,OU=HSC,DC=HS,DC=wvu-ad,DC=wvu,DC=edu"
"4739-bizhub-c3110 Group","1/30/2013 2:45:20 PM","2/18/2021 9:28:56 AM","4739-bizhub-c3110 Group","CN=4739-bizhub-c3110 Group,OU=Printer Groups,OU=HSC,DC=HS,DC=wvu-ad,DC=wvu,DC=edu"
"5540-lex-t630 Group","9/3/2008 3:02:53 PM","2/18/2021 9:28:56 AM","5540-lex-t630","CN=5540-lex-t630 Group,OU=Printer Groups,OU=HSC,DC=HS,DC=wvu-ad,DC=wvu,DC=edu"
"4066-HP1300N Group","9/3/2008 3:02:53 PM","2/18/2021 9:28:56 AM","4066-HP1300N","CN=4066-HP1300N Group,OU=Printer Groups,OU=HSC,DC=HS,DC=wvu-ad,DC=wvu,DC=edu"
"2350-HP2550 Group","9/3/2008 3:02:52 PM","2/18/2021 9:28:56 AM","2350-HP2550","CN=2350-HP2550 Group,OU=Printer Groups,OU=HSC,DC=HS,DC=wvu-ad,DC=wvu,DC=edu"
"4313-brother-7360n Group","5/21/2012 10:39:43 AM","9/23/2021 12:33:47 PM","4313-brother-7360n Group","CN=4313-brother-7360n Group,OU=Printer Groups,OU=HSC,DC=HS,DC=wvu-ad,DC=wvu,DC=edu"
"peds_groundflr_lj4 Group","5/12/2009 2:36:01 PM","2/18/2021 9:28:57 AM","peds_groundflr_lj4 Group","CN=peds_groundflr_lj4 Group,OU=Printer Groups,OU=HSC,DC=HS,DC=wvu-ad,DC=wvu,DC=edu"
"3145a-BrotherHL-2170W Group","7/9/2010 3:00:23 PM","2/18/2021 9:28:56 AM","3145a-BrotherHL-2170W Group","CN=3145a-BrotherHL-2170W Group,OU=Printer Groups,OU=HSC,DC=HS,DC=wvu-ad,DC=wvu,DC=edu"
"1385-Ricoh-IM-C4500 Group","3/15/2019 9:48:01 AM","5/18/2021 2:22:58 PM","1385-Ricoh-IM-C4500 Group","CN=1385-Ricoh-IM-C4500 Group,OU=Printer Groups,OU=HSC,DC=HS,DC=wvu-ad,DC=wvu,DC=edu"
"6700e-hp2600 Group","9/3/2008 3:02:53 PM","2/18/2021 9:28:56 AM","6700e-hp2600","CN=6700e-hp2600 Group,OU=Printer Groups,OU=HSC,DC=HS,DC=wvu-ad,DC=wvu,DC=edu"
"4305-ricoh Group","9/3/2008 3:02:53 PM","2/18/2021 9:28:56 AM","4305-ricoh","CN=4305-ricoh Group,OU=Printer Groups,OU=HSC,DC=HS,DC=wvu-ad,DC=wvu,DC=edu"
"2280-minolta-c3110 Group","9/18/2019 10:53:51 AM","2/18/2021 9:28:56 AM","2280-minolta-c3110 Group","CN=2280-minolta-c3110 Group,OU=Printer Groups,OU=HSC,DC=HS,DC=wvu-ad,DC=wvu,DC=edu"
