Name,Last export start time,Exported by,Searches
Phishing capi1vv@gmail.comm_ReportsOnly,2019-01-22T14:55:15.650Z,"Rodney, Kim",Phishing capi1vv@gmail.comm
Phishing capi1vv@gmail.comm_Export,2019-01-22T14:56:00.637Z,"Rodney, Kim",Phishing capi1vv@gmail.comm
Ngan to debiase_Export,2019-01-22T15:14:41.097Z,"Nesselrodt, Jackie",Ngan to debiase
Ngan SOD_Export,2019-01-22T15:18:41.697Z,"Nesselrodt, Jackie",Ngan SOD
Ngan to AlSaty_Export,2019-01-22T15:20:47.697Z,"Nesselrodt, Jackie",Ngan to AlSaty
Ngan to Sarraj_Export,2019-01-22T15:21:41.307Z,"Nesselrodt, Jackie",Ngan to Sarraj
confirm@amazon.com_ReportsOnly,2019-01-22T17:40:33.650Z,"Rodney, Kim",confirm@amazon.com
confirm@amazon.com_Export,2019-01-22T17:40:50.450Z,"Rodney, Kim",confirm@amazon.com
twoody1_Export,2019-01-31T18:23:15.557Z,kjr Admin,twoody1
twoody1_ReportsOnly,2019-01-31T18:23:35.453Z,kjr Admin,twoody1
SOD_Export,2019-02-22T18:04:04.023Z,"Nesselrodt, Jackie",SOD
Dr Ngan_Export,2019-02-28T13:32:18.060Z,"Nesselrodt, Jackie",Dr Ngan
Extended SOD search_Export,2019-03-04T14:16:32.960Z,"Nesselrodt, Jackie",Extended SOD search
racurtis-full_Export,2019-04-02T13:01:02.050Z,Mkondrla Admin,racurtis-full
ssdanley_Export,2019-04-03T13:43:08.687Z,"Godwin, Lawrence",ssdanley
o365signups@microsoftcie.com_ReportsOnly,2019-04-09T00:43:35.580Z,kjr Admin,o365signups@microsoftcie.com
o365signups@microsoftcie.com_Export,2019-04-09T00:45:08.940Z,kjr Admin,o365signups@microsoftcie.com
OBGYN litigation hold - Archer_Export,2019-04-18T12:19:34.077Z,JNesselrodt Admin,OBGYN litigation hold - Archer
Brandon.lucke-wold@neurosurgery.ufl.edu_Export,2019-05-01T13:07:42.293Z,Mkondrla Admin,Brandon.lucke-wold@neurosurgery.ufl.edu
Has been hacked_Export,2019-05-30T13:31:42.573Z,kjr Admin,Has been hacked
Has been hacked_ReportsOnly,2019-05-30T13:32:14.487Z,kjr Admin,Has been hacked
Onedrive & SharePoint exe files_Export,2019-08-28T17:31:21.803Z,JNesselrodt Admin,Onedrive & SharePoint exe files
"wvu\schneider - emails davisson, higgins, goldberg, schneider_Export",2019-10-25T13:12:51.387Z,JNesselrodt Admin,"wvu\schneider - emails davisson, higgins, goldberg, schneider"
James Fugett purge_Export,2019-10-28T18:37:14.760Z,kjr Admin,James Fugett purge
10-29-2019_Export,2019-10-29T15:50:04.557Z,Mkondrla Admin,10-29-2019
Omiros search_Export,2019-11-04T16:44:16.920Z,JNesselrodt Admin,Omiros search
pdavis full export_Export,2019-11-07T14:04:17.917Z,"Nesselrodt, Jackie",pdavis full export
bbertus_Export,2019-11-07T16:44:36.790Z,Mkondrla Admin,bbertus
ars0049(Ashley Scholl)_Export,2019-11-07T16:55:52.327Z,Mkondrla Admin,ars0049(Ashley Scholl)
cwinkie-Colin Winkie_Export,2019-11-07T18:32:49.993Z,Mkondrla Admin,cwinkie-Colin Winkie
Sabatino Export for wvuh_Export,2019-11-19T13:53:04.633Z,JNesselrodt Admin,Sabatino Export for wvuh
ackowalo@mail.wvu.edu - Employment Opportunity..._Export,2019-11-22T04:03:21.723Z,kjr Admin,ackowalo@mail.wvu.edu - Employment Opportunity...
kshipp_Export,2020-02-06T20:50:45.747Z,Mkondrla Admin,kshipp
"Vanfossen, Scott_Export",2020-02-07T13:30:37.023Z,"Kondrla, Michele","Vanfossen, Scott"
FOIA request Clay Marsh_Export,2020-03-06T20:31:14.097Z,Mkondrla Admin,FOIA request Clay Marsh
FOIA #20093_Export,2020-04-16T14:48:03.917Z,Mkondrla Admin,FOIA #20093
marlowew-full_Export,2020-06-01T19:11:47.173Z,Mkondrla Admin,marlowew-full
jcoben_Governors Council_Export,2020-06-15T19:54:19.753Z,Mkondrla Admin,jcoben_Governors Council
Christy Ferrell export_Export,2020-06-19T13:33:00.543Z,Mkondrla Admin,Christy Ferrell export
NEW FOIA #20168_Export,2020-06-29T15:07:01.350Z,Mkondrla Admin,NEW FOIA #20168
wvum-richardssa_Export,2020-08-11T18:50:02.347Z,phillipssOA,wvum-richardssa
wvum-klinejo_Export,2020-08-11T19:45:25.717Z,phillipssOA,wvum-klinejo
wvum-gumbert_Export,2020-08-11T20:37:20.387Z,phillipssOA,wvum-gumbert
wvum-smithny_Export,2020-08-11T20:54:55.770Z,phillipssOA,wvum-smithny
wvum-smithny2_Export,2020-08-12T19:33:06.337Z,phillipssOA,wvum-smithny2
wvum-chmiller_Export,2020-08-13T17:31:15.387Z,phillipssOA,wvum-chmiller
wvum-kjennings2_Export,2020-08-13T17:44:10.540Z,phillipssOA,wvum-kjennings2
wvum-multipleMailboxes_Export,2020-08-17T19:41:43.137Z,phillipssOA,wvum-multipleMailboxes
ckocher1 export to wvum_Export,2020-08-24T18:49:09.007Z,Jackie A Nesselrodt,ckocher1 export to wvum
secure email subject_Export,2020-08-26T15:56:37.890Z,duffypoa,secure email subject
Murray sec test_ReportsOnly,2020-08-26T21:00:20.233Z,duffypoa,Murray sec test
Murray sec test_Export,2020-08-26T21:01:06.410Z,duffypoa,Murray sec test
HSC - rkhan search_Export,2020-10-06T15:37:15.937Z,Jackie A Nesselrodt,HSC - rkhan search
WvumCrossBennettKW1_Export,2020-10-09T20:29:05.603Z,saurbornjoa,WvumCrossBennettKW1
WvumCrossBennettKW2_Export,2020-10-13T19:19:11.617Z,saurbornjoa,WvumCrossBennettKW2
Rebecca Peiffley_Export,2020-12-07T19:10:23.283Z,Mkondrla Admin,Rebecca Peiffley
wvum-2-9Residents_Export,2021-02-08T19:08:16.543Z,phillipssOA,wvum-2-9Residents
wvum-tstOneDriveSearch_Export,2021-02-11T16:44:14.513Z,phillipssOA,wvum-tstOneDriveSearch
wvum-faculty2-18_Export,2021-02-17T17:28:05.543Z,phillipssOA,wvum-faculty2-18
WVUMTraywick3_Export,2021-02-19T19:39:25.840Z,saurbornjoa,WVUMTraywick3
wvum-faculty3-2_Export,2021-03-01T17:50:53.047Z,phillipssOA,wvum-faculty3-2
WVUM-bouchalr_Export,2021-03-01T19:01:48.053Z,georgemOA,WVUM-bouchalr
wvum-facultyweek3-15-catchUp_Export,2021-03-17T16:58:16.067Z,phillipssOA,wvum-facultyweek3-15-catchUp
wvum-facultyweek3-22_Export,2021-03-19T18:54:09.233Z,phillipssOA,wvum-facultyweek3-22
SLP-CalendarTest_Export,2021-03-24T17:40:59.947Z,phillipssOA,SLP-CalendarTest
wvum-facultyweek4-12_Export,2021-04-09T14:58:20.843Z,phillipssOA,wvum-facultyweek4-12
wvum-facultyweek5-10_Export,2021-05-07T13:05:47.490Z,phillipssOA,wvum-facultyweek5-10
wvum-facultyweek5-10bodkinsMail_Export,2021-05-10T18:39:51.540Z,phillipssOA,wvum-facultyweek5-10bodkinsMail
WvumCrossBennettKW6_Export,2020-10-13T20:29:15.310Z,saurbornjoa,WvumCrossBennettKW6
WvumCrossBennettKW7_Export,2020-10-13T20:31:27.403Z,saurbornjoa,WvumCrossBennettKW7
WVUMKommel_Export,2020-11-23T17:03:01.933Z,saurbornjoa,WVUMKommel
WVUMGuerino_Export,2020-12-02T14:55:06.597Z,saurbornjoa,WVUMGuerino
wvum-residents2-10_Export,2021-02-09T17:12:51.690Z,phillipssOA,wvum-residents2-10
wvum-residents2-11_Export,2021-02-10T20:28:42.173Z,phillipssOA,wvum-residents2-11
wvum-residents2-15_Export,2021-02-12T20:08:07.153Z,phillipssOA,wvum-residents2-15
wvum-faculty2-24_Export,2021-02-23T18:46:15.987Z,phillipssOA,wvum-faculty2-24
wvum-faculty2-25-corrected_Export,2021-02-24T17:52:03.853Z,phillipssOA,wvum-faculty2-25-corrected
testExport-esquandolasM_Export,2021-02-24T21:18:12.077Z,phillipssOA,testExport-esquandolasM
WVUMFMCKW2_Export,2021-02-25T18:29:08.893Z,saurbornjoa,WVUMFMCKW2
vmj10001 - export_Export,2021-02-25T19:28:08.340Z,kjr Admin,vmj10001 - export
wvum-faculty3-1part3_Export,2021-03-01T02:21:26.513Z,phillipssOA,wvum-faculty3-1part3
wvum-faculty3-4-theSequel_Export,2021-03-02T21:12:12.520Z,phillipssOA,wvum-faculty3-4-theSequel
GBal legal hold_Export,2021-03-12T15:43:32.097Z,Jackie A Nesselrodt,GBal legal hold
elb00016 export_Export,2021-04-06T17:14:59.320Z,Jackie A Nesselrodt,elb00016 export
WVUM-RMH-42821-Sender_Export,2021-04-28T17:13:34.687Z,saurbornjoa,WVUM-RMH-42821-Sender
wvum-facultyweek5-10bodkins_Export,2021-05-10T17:45:06.953Z,phillipssOA,wvum-facultyweek5-10bodkins
facultyWeek5-17_Export,2021-05-13T00:53:09.287Z,phillipssOA,facultyWeek5-17
Walid Radwan Matter_Export,2021-05-17T16:03:33.427Z,Mkondrla Admin,Walid Radwan Matter
HSC Walid Radwan Search_Export,2021-05-21T15:29:07.157Z,Mkondrla Admin,HSC Walid Radwan Search
wvum - herodMeetingUpdate_ReportsOnly,2021-05-25T20:59:32.857Z,reevesjoa,wvum - herodMeetingUpdate
wvum - herodMeetingUpdate_Export,2021-05-25T21:07:24.320Z,phillipssOA,wvum - herodMeetingUpdate
Jeremy M Test_ReportsOnly,2020-03-18T21:46:49.193Z,murrayjOA,Jeremy M Test
WVUM 8.10-2_ReportsOnly,2020-08-10T16:06:01.663Z,"Yoak, Erik",WVUM 8.10-2
wvum-ksmith44_Export,2020-08-11T20:40:39.963Z,phillipssOA,wvum-ksmith44
wvum-angotti_Export,2020-08-13T17:12:38.727Z,phillipssOA,wvum-angotti
wvum-search_Export,2020-08-17T20:53:20.000Z,phillipssOA,wvum-search
WvumCrossBennettKW5_Export,2020-10-13T20:13:03.797Z,saurbornjoa,WvumCrossBennettKW5
WvumCrossBennettKW9_Export,2020-10-16T13:21:29.503Z,saurbornjoa,WvumCrossBennettKW9
FOIA-10-27-20_Export,2020-10-28T16:06:15.373Z,Mkondrla Admin,FOIA-10-27-20
Emily Stallings_Export,2020-12-07T19:06:31.860Z,phillipssOA,Emily Stallings
FOIA Request-Email Search12-14-2020_Export,2020-12-14T20:35:00.173Z,Mkondrla Admin,FOIA Request-Email Search12-14-2020
WVUMTraywickKW_Export,2021-02-05T16:37:28.357Z,saurbornjoa,WVUMTraywickKW
wvum-ticket535206-pstExport_Export,2021-02-09T20:22:45.257Z,phillipssOA,wvum-ticket535206-pstExport
wvum-residents2-12_Export,2021-02-11T16:49:35.113Z,phillipssOA,wvum-residents2-12
kochyc@hsc.wvu.edu-Export_Export,2021-02-15T18:45:32.660Z,kjr Admin,kochyc@hsc.wvu.edu-Export
wvum-faculty2-25_Export,2021-02-24T17:06:14.577Z,phillipssOA,wvum-faculty2-25
wvum-facultyWeek3-15_Export,2021-03-13T17:35:02.540Z,phillipssOA,wvum-facultyWeek3-15
WVUM-SantoKW2_Export,2021-03-31T18:18:03.233Z,saurbornjoa,WVUM-SantoKW2
hsc - lcottrell_Export,2021-06-07T14:11:44.480Z,Jackie A Nesselrodt,hsc - lcottrell
WVUM-Ticket653575_Export,2021-06-15T16:06:37.803Z,reevesjoa,WVUM-Ticket653575
WVUM Mckay 2-2-21_Export,2021-02-02T18:48:29.257Z,saurbornjoa,WVUM Mckay 2-2-21
wvum-sunkavalli_Export,2021-02-10T15:09:35.343Z,phillipssOA,wvum-sunkavalli
wvum-residents2-12-oneDrive_Export,2021-02-11T21:01:04.913Z,phillipssOA,wvum-residents2-12-oneDrive
wvum-residents2-15-onedrive2_Export,2021-02-12T20:31:02.140Z,phillipssOA,wvum-residents2-15-onedrive2
wvum-faculty2-17_Export,2021-02-16T22:02:48.233Z,phillipssOA,wvum-faculty2-17
wvum-faculty3-1_Export,2021-03-01T01:17:01.927Z,phillipssOA,wvum-faculty3-1
wvum-faculty3-3-again_Export,2021-03-02T14:20:43.947Z,phillipssOA,wvum-faculty3-3-again
jj0050_Export,2021-03-30T14:20:25.690Z,kjr Admin,jj0050
Janet.Johnson3@hsc.wvu.edu_Export,2021-03-30T17:53:36.340Z,kjr Admin,Janet.Johnson3@hsc.wvu.edu
WVUM-SantoKW1_Export,2021-03-31T18:14:02.603Z,saurbornjoa,WVUM-SantoKW1
wvum-facultyweek4-5_Export,2021-04-01T19:19:21.407Z,phillipssOA,wvum-facultyweek4-5
wvum-facultyweek4-19_Export,2021-04-16T13:44:44.873Z,phillipssOA,wvum-facultyweek4-19
hsc-smiller9-Export_Export,2021-04-19T16:36:28.417Z,Mkondrla Admin,hsc-smiller9-Export
WVUM-RMH-Rec-42821_Export,2021-04-28T17:14:12.147Z,saurbornjoa,WVUM-RMH-Rec-42821
wvum-angRabanes_Export,2021-04-29T17:49:28.163Z,phillipssOA,wvum-angRabanes
jenna.taylor1pstsearch_Export,2021-04-29T19:19:24.573Z,reevesjoa,jenna.taylor1pstsearch
wvum-facultyweek5-3_Export,2021-04-30T13:01:30.197Z,phillipssOA,wvum-facultyweek5-3
Ticket 576763 - email search_Export,2021-05-10T19:57:07.337Z,phillipssOA,Ticket 576763 - email search
wvum-facultyweek5-24_Export,2021-05-21T18:13:50.460Z,phillipssOA,wvum-facultyweek5-24
wvum-shockcor-export_Export,2021-05-21T18:44:08.540Z,reevesjoa,wvum-shockcor-export
wvum-facultyweek5-31_Export,2021-05-27T20:43:18.770Z,phillipssOA,wvum-facultyweek5-31
wvum-facultyweek6-7_Export,2021-06-04T17:41:14.613Z,phillipssOA,wvum-facultyweek6-7
hsc - lcottrell_ReportsOnly,2021-06-07T14:11:58.953Z,Jackie A Nesselrodt,hsc - lcottrell
HeimoRiedelMatter_Export,2021-06-17T15:32:00.003Z,"Kondrla, Michele",HeimoRiedelMatter
Falkenstine_Export,2019-01-28T18:50:43.510Z,"Nesselrodt, Jackie",Falkenstine
Evan Falkenstine export_Export,2019-01-30T17:14:03.187Z,"Rodney, Kim",Evan Falkenstine export
kmccourt_Export,2019-02-07T18:14:50.867Z,Mkondrla Admin,kmccourt
tammy_matlick_mailbox_Export,2019-02-18T19:12:22.517Z,Matt Admin,tammy_matlick_mailbox
kabaker-full_Export,2019-02-20T20:40:26.040Z,Mkondrla Admin,kabaker-full
slc0077-full_Export,2019-02-22T12:37:51.520Z,Mkondrla Admin,slc0077-full
wvum-facultyweek6-7-corrected_Export,2021-06-06T00:50:26.483Z,phillipssOA,wvum-facultyweek6-7-corrected
wvum-deiches6-8_Export,2021-06-08T17:41:05.067Z,phillipssOA,wvum-deiches6-8
wvum - ticket 641582 - Blythe Turner Calendar_Export,2021-06-09T19:42:15.147Z,phillipssOA,wvum - ticket 641582 - Blythe Turner Calendar
wvum-facultyweek6-14_Export,2021-06-14T12:43:53.360Z,phillipssOA,wvum-facultyweek6-14
wvum-faculty6-15Tickets_Export,2021-06-16T17:34:28.760Z,phillipssOA,wvum-faculty6-15Tickets
BOD Investigation Hold_Export,2019-04-16T11:33:43.680Z,"Kondrla, Michele",BOD Investigation Hold
Re: Are you available on campus_Export,2019-04-18T11:32:39.473Z,Mkondrla Admin,Re: Are you available on campus
Re: Are you available on campus_ReportsOnly,2019-04-18T12:38:53.810Z,"Kondrla, Michele",Re: Are you available on campus
Jamie Alkire-full_Export,2019-04-18T15:21:05.073Z,Mkondrla Admin,Jamie Alkire-full
service@qgenda.com_Export,2019-04-24T13:34:19.367Z,Mkondrla Admin,service@qgenda.com
A medium-severity alert has been triggered_ReportsOnly,2019-05-31T13:49:07.247Z,Matt Admin,A medium-severity alert has been triggered
jbarnes@hsc.wvu.edu_Export,2019-06-12T14:06:19.353Z,"Godwin, Lawrence",jbarnes@hsc.wvu.edu
Phishing Humberson_Export,2019-06-24T16:17:56.147Z,kjr Admin,Phishing Humberson
Blum FOIA Request_Export,2019-07-15T16:23:51.677Z,"Nesselrodt, Jackie",Blum FOIA Request
Micah Gregory_ReportsOnly,2019-07-25T19:56:03.417Z,"Kondrla, Michele",Micah Gregory
Micah Gregory_Export,2019-07-25T20:12:04.050Z,"Kondrla, Michele",Micah Gregory
yuan.gao@mail.wvu.edu spam_ReportsOnly,2019-09-03T14:06:01.193Z,Mkondrla Admin,yuan.gao@mail.wvu.edu spam
Natalia.garciamartinez@mail.wvu.edu_ReportsOnly,2019-09-03T14:33:51.173Z,"Kondrla, Michele",Natalia.garciamartinez@mail.wvu.edu
Myna Smith export_Export,2019-10-03T19:15:09.657Z,kjr Admin,Myna Smith export
Urooj.Khan PST Export_ReportsOnly,2019-10-04T17:37:30.980Z,"Phillips, Scott",Urooj.Khan PST Export
Urooj Khan_Export,2019-10-08T11:49:00.180Z,Mkondrla Admin,Urooj Khan
PATH User Export_Export,2019-10-29T12:57:35.413Z,kjr Admin,PATH User Export
mkondrla_Export,2020-01-07T13:05:56.090Z,Mkondrla Admin,mkondrla
Wanko export for wvuh_Export,2020-02-14T20:35:29.757Z,JNesselrodt Admin,Wanko export for wvuh
ajross_Export,2020-03-03T14:32:14.600Z,"Nesselrodt, Jackie",ajross
kshipp-full_Export,2020-03-24T12:08:50.310Z,Mkondrla Admin,kshipp-full
LukeMaroneMissing_Export,2020-06-04T18:17:03.403Z,kjr Admin,LukeMaroneMissing
WVUF users export_Export,2020-07-01T14:40:25.050Z,Mkondrla Admin,WVUF users export
1/9/19-full_Export,2020-01-27T15:16:46.910Z,Mkondrla Admin,1/9/19-full
wvum-slsherwood_Export,2020-08-11T19:28:33.780Z,phillipssOA,wvum-slsherwood
Opiod Litigation_Export,2020-08-20T20:26:59.367Z,Mkondrla Admin,Opiod Litigation
secure email subject_ReportsOnly,2020-08-26T17:28:12.453Z,duffypoa,secure email subject
FOIA#20233_Export,2020-09-04T15:14:12.583Z,Mkondrla Admin,FOIA#20233
wvum-VGormanExport_Export,2020-09-04T17:36:15.733Z,georgemOA,wvum-VGormanExport
edirector247@gmail.com_ReportsOnly,2020-09-16T15:40:39.023Z,kjr Admin,edirector247@gmail.com
WvumCrossBennettKW4_Export,2020-10-13T19:58:31.627Z,saurbornjoa,WvumCrossBennettKW4
WvumCrossBennettKW8_Export,2020-10-13T20:33:13.487Z,saurbornjoa,WvumCrossBennettKW8
WvumCrossBennettKW10_Export,2020-10-16T13:24:21.063Z,saurbornjoa,WvumCrossBennettKW10
Dan Parrish_Export,2020-11-11T17:12:08.567Z,Mkondrla Admin,Dan Parrish
wvum-cpilkerton_Export,2021-01-22T19:33:42.947Z,phillipssOA,wvum-cpilkerton
jts0061 export_Export,2021-02-01T19:05:46.930Z,Jackie A Nesselrodt,jts0061 export
saw0014 export_Export,2021-02-16T16:24:03.727Z,kjr Admin,saw0014 export
wvum-brookshire_Export,2021-02-19T22:13:51.347Z,phillipssOA,wvum-brookshire
WVUMFMCKW_Export,2021-02-22T15:27:11.427Z,saurbornjoa,WVUMFMCKW
wvum-Movassaghi_Export,2021-02-25T21:25:08.823Z,phillipssOA,wvum-Movassaghi
wvum-haggertyt_Export,2021-03-11T23:00:43.977Z,phillipssOA,wvum-haggertyt
wvum-peckens_Export,2021-03-23T19:52:45.933Z,phillipssOA,wvum-peckens
wvum-peckens-newStuff_Export,2021-03-23T20:15:57.243Z,phillipssOA,wvum-peckens-newStuff
slp-test_Export,2021-03-24T14:53:21.397Z,phillipssOA,slp-test
Jeff Test_ReportsOnly,2016-12-02T19:57:51.187Z,"Brusoe, Jeff",Jeff Test
Jeff Test_Export,2016-12-02T19:59:27.840Z,"Brusoe, Jeff",Jeff Test
Value Duty Hours_Export,2016-12-02T20:07:11.947Z,"Brusoe, Jeff",Value Duty Hours
Value Duty Hours_ReportsOnly,2016-12-02T20:16:02.430Z,"Brusoe, Jeff",Value Duty Hours
Linda Rudy_Export,2016-12-05T18:32:33.837Z,"Nesselrodt, Jackie",Linda Rudy
deanderson_Export,2017-03-03T18:13:26.363Z,"Nesselrodt, Jackie",deanderson
prockwell retiree_Export,2017-03-07T17:03:38.290Z,"Nesselrodt, Jackie",prockwell retiree
Dr. Waxman_Export,2017-05-15T13:11:47.620Z,"Nesselrodt, Jackie",Dr. Waxman
Gloria Gilmore_Export,2017-06-01T12:45:11.983Z,"Nesselrodt, Jackie",Gloria Gilmore
SONAlumniEventsExport_Export,2017-06-20T14:27:33.420Z,Krodney Admin,SONAlumniEventsExport
Module 3 In-Person_ReportsOnly,2017-07-25T13:12:03.567Z,"Brusoe, Jeff",Module 3 In-Person
Module 3 In-Person_Export,2017-07-25T13:13:13.843Z,"Brusoe, Jeff",Module 3 In-Person
Attachment_ReportsOnly,2017-08-31T19:57:07.363Z,"Brusoe, Jeff",Attachment
jostien_Export,2017-09-12T16:17:08.513Z,Mkondrla Admin,jostien
jostien sent wv.gov emails_Export,2017-09-12T16:36:56.250Z,"Nesselrodt, Jackie",jostien sent wv.gov emails
Development istock reciept_Export,2017-10-06T15:50:00.733Z,"Nesselrodt, Jackie",Development istock reciept
P. Rocco LaSala message delivery delays_Export,2017-11-09T17:33:28.370Z,"Rodney, Kim",P. Rocco LaSala message delivery delays
Donna Cassella export - changing to WVUH employment_Export,2017-11-10T15:10:13.607Z,"Rodney, Kim",Donna Cassella export - changing to WVUH employment
Spoof_Export,2017-11-13T19:57:53.550Z,"Rodney, Kim",Spoof
Lists spoof_Export,2017-11-13T20:44:58.120Z,"Rodney, Kim",Lists spoof
rblake-export_Export,2017-11-16T16:09:40.043Z,Mkondrla Admin,rblake-export
dtamasco-retiree_Export,2017-11-16T20:56:28.533Z,Mkondrla Admin,dtamasco-retiree
dtamasco-retiree-contacts_Export,2017-11-17T14:41:22.140Z,Mkondrla Admin,dtamasco-retiree-contacts
jrpayne mailbox export_Export,2017-11-17T14:59:07.623Z,"Nesselrodt, Jackie",jrpayne mailbox export
aconway2_Export,2017-11-21T13:59:36.713Z,Mkondrla Admin,aconway2
Earn Extra Income !!!_ReportsOnly,2018-01-02T00:58:03.763Z,"Rodney, Kim",Earn Extra Income !!!
Citizens Bank of Morgantown Alert_ReportsOnly,2018-01-03T17:40:12.210Z,"Rodney, Kim",Citizens Bank of Morgantown Alert
Memo From HR Department_ReportsOnly,2018-01-04T15:56:44.697Z,"Rodney, Kim",Memo From HR Department
Memo From IT Department_ReportsOnly,2018-01-06T21:51:24.960Z,"Rodney, Kim",Memo From IT Department
Secure Search_ReportsOnly,2020-08-05T13:21:13.077Z,murrayjOA,Secure Search
StaciRidleyRestoreExport_Export,2021-04-29T18:15:31.697Z,reevesjoa,StaciRidleyRestoreExport
Corinna Cooper export to WVUH_Export,2018-01-26T21:14:51.627Z,Krodney Admin,Corinna Cooper export to WVUH
Rachella Ramage_Export,2018-02-05T18:51:21.893Z,"Nesselrodt, Jackie",Rachella Ramage
sanford emery_Export,2018-03-08T16:42:05.950Z,Mkondrla Admin,sanford emery
skuhl_Export,2018-03-26T13:56:42.717Z,Mkondrla Admin,skuhl
prst1718@aol.com_Export,2018-03-26T19:47:10.433Z,"Rodney, Kim",prst1718@aol.com
tiffanyt@whitehall-specialties.com_ReportsOnly,2018-03-29T12:30:15.453Z,"Rodney, Kim",tiffanyt@whitehall-specialties.com
jrobb39770@aol.com_ReportsOnly,2018-03-29T13:08:58.417Z,"Rodney, Kim",jrobb39770@aol.com
mailto:sbishop@woundcareresources.net_ReportsOnly,2018-04-10T18:48:02.967Z,"Rodney, Kim",mailto:sbishop@woundcareresources.net
mailto:sbishop@woundcareresources.net_Export,2018-04-10T19:02:57.617Z,"Rodney, Kim",mailto:sbishop@woundcareresources.net
Kaylee_Cooksey_Export,2018-04-17T16:23:18.073Z,"Rodney, Kim",Kaylee_Cooksey
https://imperial-sdn.com_Export,2018-04-19T12:36:34.963Z,"Rodney, Kim",https://imperial-sdn.com
lcoss_Export,2018-04-20T19:08:02.750Z,Mkondrla Admin,lcoss
Farry mailbox export_Export,2018-05-04T20:10:04.173Z,"Nesselrodt, Jackie",Farry mailbox export
bpcopenhaver_Export,2018-05-23T19:49:33.660Z,Mkondrla Admin,bpcopenhaver
tmiller for WVUM-3_Export,2018-05-25T17:56:30.197Z,"Brusoe, Jeff",tmiller for WVUM-3
severly-1_Export,2018-05-31T12:45:05.977Z,"Brusoe, Jeff",severly-1
Dr. David Rich Export_Export,2018-06-01T16:33:22.363Z,"Rodney, Kim",Dr. David Rich Export
CarolNay_ReportsOnly,2018-06-06T20:15:53.793Z,"Rodney, Kim",CarolNay
CarolNay_Export,2018-06-06T20:17:57.813Z,"Rodney, Kim",CarolNay
gconnard_Export,2018-06-07T15:55:10.587Z,"Rodney, Kim",gconnard
tmiller@hsc.wvu.edu_Export,2018-06-07T19:30:11.247Z,"Rodney, Kim",tmiller@hsc.wvu.edu
Chalfik Assal_Export,2018-06-28T18:43:34.263Z,Mkondrla Admin,Chalfik Assal
SamWanko_Export,2018-06-29T16:16:50.753Z,"Kondrla, Michele",SamWanko
Baymax_Export,2018-07-09T19:19:48.933Z,Krodney Admin,Baymax
BayMax - message content link_Export,2018-07-09T20:05:11.737Z,Krodney Admin,BayMax - message content link
lrsine export_Export,2018-07-13T16:41:29.877Z,"Nesselrodt, Jackie",lrsine export
kabaker subject VER04_Export,2018-07-26T14:26:01.077Z,"Nesselrodt, Jackie",kabaker subject VER04
kabaker-17016_Export,2018-08-01T15:17:42.927Z,"Kondrla, Michele",kabaker-17016
Himaly Shinglot_Export,2018-08-22T19:28:33.657Z,"Kondrla, Michele",Himaly Shinglot
yrtomago-full_Export,2018-08-23T11:52:03.367Z,"Kondrla, Michele",yrtomago-full
Kathleen Baker_Export,2018-07-31T20:32:36.500Z,Mkondrla Admin,Kathleen Baker
KatherineCappellari-full_Export,2018-08-30T13:19:25.967Z,Mkondrla Admin,KatherineCappellari-full
order78766notendorsed_ReportsOnly,2018-09-06T20:00:46.200Z,Mkondrla Admin,order78766notendorsed
SharePoint & OneDrive external sharing_ReportsOnly,2018-09-07T19:14:54.837Z,"Nesselrodt, Jackie",SharePoint & OneDrive external sharing
lreckart-full_Export,2018-10-03T13:48:33.803Z,"Kondrla, Michele",lreckart-full
Brancazio - Hubbard_Export,2018-10-18T14:09:54.813Z,"Nesselrodt, Jackie",Brancazio - Hubbard
Brancazio - shipespotloej_Export,2018-10-18T14:13:21.997Z,"Nesselrodt, Jackie",Brancazio - shipespotloej
Brancazio - mvernon_Export,2018-10-18T14:27:10.683Z,"Nesselrodt, Jackie",Brancazio - mvernon
holdrequests_Export,2018-10-23T14:31:36.563Z,Mkondrla Admin,holdrequests
fwd: username is hacked_Export,2018-10-24T14:41:27.283Z,"Kondrla, Michele",fwd: username is hacked
brancazio_Export,2018-10-26T15:52:05.680Z,"Nesselrodt, Jackie",brancazio
Dr. Brancazio_Export,2018-10-26T17:05:30.717Z,"Nesselrodt, Jackie",Dr. Brancazio
Scientology from presidentgee@listserv.wvu.edu_ReportsOnly,2019-01-23T01:12:41.693Z,kjr Admin,Scientology from presidentgee@listserv.wvu.edu
Scientology from presidentgee@listserv.wvu.edu_Export,2019-01-23T01:12:56.037Z,kjr Admin,Scientology from presidentgee@listserv.wvu.edu
Brittney from Scientology_ReportsOnly,2019-01-23T02:55:33.667Z,kjr Admin,Brittney from Scientology
Brittney from Scientology_Export,2019-01-23T02:55:46.633Z,kjr Admin,Brittney from Scientology
adelman_Export,2019-01-24T00:07:01.310Z,"Kondrla, Michele",adelman
Matuga_Export,2019-03-11T18:36:28.297Z,"Nesselrodt, Jackie",Matuga
Matuga export_Export,2019-03-22T13:31:32.713Z,JNesselrodt Admin,Matuga export
Message from RNP002673A1B1EB_ReportsOnly,2019-03-26T19:35:36.657Z,kjr Admin,Message from RNP002673A1B1EB
mpei_Export,2019-03-28T15:25:32.390Z,Mkondrla Admin,mpei
cbmarsh_Export,2019-04-02T14:27:11.507Z,"Kondrla, Michele",cbmarsh
EthicsLine #131 Investigation_Export,2019-04-03T18:02:08.430Z,"Kondrla, Michele",EthicsLine #131 Investigation
Jamie Alkire-full_ReportsOnly,2019-04-15T13:20:41.200Z,Mkondrla Admin,Jamie Alkire-full
9146887_Export,2019-05-01T14:23:37.027Z,"Godwin, Lawrence",9146887
Joseph Shane - full_Export,2019-05-22T17:10:57.323Z,Mkondrla Admin,Joseph Shane - full
Yasmin Hamarini_Export,2019-06-07T19:59:47.360Z,"Godwin, Lawrence",Yasmin Hamarini
jennifer.leavitt@hsc.wvu.edu_Export,2019-06-11T13:35:09.173Z,"Godwin, Lawrence",jennifer.leavitt@hsc.wvu.edu
kvsmith1 export_Export,2019-06-13T12:27:44.810Z,JNesselrodt Admin,kvsmith1 export
Contact From HSC Public Directory Form - Urgent request_Export,2019-08-06T12:49:10.377Z,kjr Admin,Contact From HSC Public Directory Form - Urgent request
jmnypaver_Export,2019-08-21T18:24:23.387Z,JNesselrodt Admin,jmnypaver
cstennant_Export,2019-09-26T11:42:10.053Z,Mkondrla Admin,cstennant
S Archer Legal search_Export,2019-10-01T12:04:28.997Z,JNesselrodt Admin,S Archer Legal search
WVU/Schneider -emails to schneider_Export,2019-10-10T19:27:50.653Z,JNesselrodt Admin,WVU/Schneider -emails to schneider
wvu/schneider - emails from schneider_Export,2019-10-11T11:59:29.957Z,"Nesselrodt, Jackie",wvu/schneider - emails from schneider
wvu\schneider emails to/from schneider and external participants_Export,2019-10-11T14:48:55.790Z,"Nesselrodt, Jackie",wvu\schneider emails to/from schneider and external participants
wvu\schneider - goldber and denver emails_Export,2019-10-11T16:13:54.867Z,"Nesselrodt, Jackie",wvu\schneider - goldber and denver emails
wvu\schneider goldberg and bj davisson emails_Export,2019-10-11T17:09:57.430Z,"Nesselrodt, Jackie",wvu\schneider goldberg and bj davisson emails
wvu\schneider - goldber and omiros emails_Export,2019-10-11T17:34:06.627Z,"Nesselrodt, Jackie",wvu\schneider - goldber and omiros emails
wvu\scheider gmail emails_Export,2019-10-11T18:26:14.890Z,"Nesselrodt, Jackie",wvu\scheider gmail emails
wvu\schneider - Philip@wvreale.com and schneider_Export,2019-10-11T18:29:20.630Z,"Nesselrodt, Jackie",wvu\schneider - Philip@wvreale.com and schneider
new vm message - spam_Export,2019-10-21T13:59:10.940Z,"Nesselrodt, Jackie",new vm message - spam
lgibson_Export,2019-11-01T15:28:06.947Z,Mkondrla Admin,lgibson
mschaller_Export,2019-11-01T15:31:47.267Z,Mkondrla Admin,mschaller
tpovenski_Export,2020-01-31T16:33:27.503Z,Mkondrla Admin,tpovenski
onedrive file_ReportsOnly,2020-02-18T17:02:52.750Z,"Nesselrodt, Jackie",onedrive file
ljacknowitz_Export,2020-02-28T19:23:08.460Z,Mkondrla Admin,ljacknowitz
olivia pape_Export,2020-04-28T13:29:04.670Z,Mkondrla Admin,olivia pape
mzeppuhar_Export,2020-04-28T13:53:12.413Z,Mkondrla Admin,mzeppuhar
brownmer_hscexport_Export,2020-05-08T13:47:16.697Z,Mkondrla Admin,brownmer_hscexport
DP V-mail_Export,2020-05-14T16:20:27.173Z,ghermancoa,DP V-mail
jcoben-Monongalia County Health Department_Export,2020-05-19T19:10:28.117Z,"Kondrla, Michele",jcoben-Monongalia County Health Department
deborah brookover - full_Export,2020-05-20T19:57:36.593Z,Mkondrla Admin,deborah brookover - full
jynasr_Export,2020-06-12T18:06:29.577Z,Mkondrla Admin,jynasr
mhurst_nasr_Export,2020-06-17T20:38:15.797Z,Mkondrla Admin,mhurst_nasr
onedrive file types_ReportsOnly,2020-02-20T18:37:38.180Z,"Nesselrodt, Jackie",onedrive file types
jynasr_noparameters_Export,2020-06-17T20:38:27.640Z,Mkondrla Admin,jynasr_noparameters
WVUM - FOIA Searc 6-29-2020_ReportsOnly,2020-06-29T16:36:32.730Z,phillipssOA,WVUM - FOIA Searc 6-29-2020
wvum-bbarrick_Export,2020-08-11T19:56:23.447Z,phillipssOA,wvum-bbarrick
FOIA#20238Search#1_Export,2020-09-01T14:24:11.300Z,Mkondrla Admin,FOIA#20238Search#1
wvum-MikeLFrameExport_Export,2020-09-02T19:30:17.983Z,georgemOA,wvum-MikeLFrameExport
WvumCrossBennettKW3_Export,2020-10-13T19:49:21.717Z,saurbornjoa,WvumCrossBennettKW3
Margaret Pefferman - Ticket 481684_ReportsOnly,2020-11-23T16:44:11.473Z,ghermancoa,Margaret Pefferman - Ticket 481684
hsc - llroth covid survey_ReportsOnly,2020-12-29T02:34:13.693Z,kjr Admin,hsc - llroth covid survey
wvum-faculty2-23part-1_Export,2021-02-23T01:44:20.863Z,phillipssOA,wvum-faculty2-23part-1
wvum-swalm_Export,2021-02-23T02:17:49.877Z,phillipssOA,wvum-swalm
wvum-facultyWeek3-9_Export,2021-03-09T22:03:47.460Z,phillipssOA,wvum-facultyWeek3-9
saravananan-finalExport_Export,2021-03-25T13:40:06.567Z,phillipssOA,saravananan-finalExport
ar00045 export_Export,2021-03-26T17:58:02.917Z,Mkondrla Admin,ar00045 export
wvum-facultyweek3-29_Export,2021-03-29T14:42:28.020Z,phillipssOA,wvum-facultyweek3-29
hsc-bgandee-export_Export,2021-04-07T12:46:46.300Z,Mkondrla Admin,hsc-bgandee-export
wvum-zhu_Export,2021-04-07T18:58:25.960Z,phillipssOA,wvum-zhu
wvum-facultyweek4-26_Export,2021-04-22T20:44:02.530Z,phillipssOA,wvum-facultyweek4-26
WVUM-RMH-KW-42821_Export,2021-04-28T17:14:37.517Z,saurbornjoa,WVUM-RMH-KW-42821
wvum-ticket 574273 - Crystal Bennett_Export,2021-05-12T14:48:41.883Z,phillipssOA,wvum-ticket 574273 - Crystal Bennett
radwandraft.docx_Export,2021-05-14T13:34:32.237Z,Mkondrla Admin,radwandraft.docx