SamAccountName,extensionAttribute10
ramamurthyv,StandardUser
baw0033,StandardUser
mc0147,StandardUser
bwr0003,StandardUser
mp0027,StandardUser
ot0003,StandardUser
rpercifield,StandardUser
vrajendran,StandardUser
jeschupp,StandardUser
mschaller,StandardUser
msokolov,StandardUser
pstoilov,StandardUser
tthibaud,StandardUser
qama,StandardUser
kn0026,StandardUser
roleonardi,StandardUser
aeb0043,StandardUser
gow0001,StandardUser
tat0015,StandardUser
cav0018,StandardUser
mc0151,StandardUser
fmatalkah,StandardUser
mgunther,StandardUser
fbhillgartner,StandardUser
yagazie,StandardUser
sshumar,StandardUser
ss0241,StandardUser
lsalati,StandardUser
ljyoho,StandardUser
csholtis,StandardUser
hc0025,StandardUser
aab0004,StandardUser
vvk0001,StandardUser
mt0001,StandardUser
kvandyke,StandardUser
lml0020,StandardUser
kkrhodes,StandardUser
jd0049,StandardUser
us0002,StandardUser
cordtesting,StandardUser
nvm0002,StandardUser
ashiemke,StandardUser
arr0025,StandardUser
res0019,StandardUser
eas0024,StandardUser
dcsaporito,StandardUser
shrice,StandardUser
sjd0026,StandardUser
yihuang,StandardUser
pafagone,StandardUser
mgencheva,StandardUser
jnmiller2,StandardUser
bd0004,StandardUser
DMSMITHLab4,Resource
DMSMITHLab1,Resource
DMSMITHLab3,Resource
kgc0009,StandardUser
DMSMITHLab2,Resource
anicker2,StandardUser
mruppert,StandardUser
mavoronkova,StandardUser
bj0019,StandardUser
ms00009,StandardUser
bcf0003,StandardUser
dmsmith,StandardUser
gh00001,StandardUser
melliott,StandardUser
eubanklab,StandardUser
wtw0002,StandardUser
fdamron,StandardUser
jubevere,StandardUser
gpmeares,StandardUser
asuchanek,StandardUser
amh0139,StandardUser
rrn0003,StandardUser
rjames2,StandardUser
lukomskilab,StandardUser
kituntevski,StandardUser
jlfranko,StandardUser
cmr0045,StandardUser
mfarooqi,StandardUser
mabarbier,StandardUser
agj0002,StandardUser
kamulhall,StandardUser
maw0071,StandardUser
MicroUGLab,StandardUser
bgs0017,StandardUser
cak0002,StandardUser
cw0039,StandardUser
jlm0087,StandardUser
wanlab,StandardUser
dmschmitt,StandardUser
sothumpangat,StandardUser
tdeubank,StandardUser
klandreth,StandardUser
ehoblize,StandardUser
mijames,StandardUser
kbrundage,StandardUser
ccuff,StandardUser
cdbrown2,StandardUser
ssims2,StandardUser
sasano,StandardUser
cs0053,StandardUser
jmh0059,StandardUser
sbradfo1,StandardUser
ridler,StandardUser
mem0050,StandardUser
keblethen,StandardUser
jdnowery,StandardUser
rschafer,StandardUser
slukomski,StandardUser
ncharon,StandardUser
bphillips,StandardUser
jsheil,StandardUser
vwatson,StandardUser
mlb0040,StandardUser
dad0003,StandardUser
ttn0007,StandardUser
jpovrozn,StandardUser
jahorzempa,StandardUser
jbarnett,StandardUser
meareslab,StandardUser
wgwang,StandardUser
rshurina,StandardUser
sochoi,StandardUser
byinglin,StandardUser
ycchen,StandardUser
alranjbaran,StandardUser
xl0001,StandardUser
smm0055,StandardUser
jkv0003,StandardUser
crmay,StandardUser
vsanders,StandardUser
ammatuga,StandardUser
slb0100,StandardUser
beflickner,StandardUser
twong4,StandardUser
mev0004,StandardUser
nem0007,StandardUser
saelliott,StandardUser
hbillings,StandardUser
lmlueptow,StandardUser
mlong18,StandardUser
qiwang,StandardUser
ahickman,StandardUser
vamoore,StandardUser
hwlambert,StandardUser
etucker,StandardUser
gkonat,StandardUser
hahu,StandardUser
aagmon,StandardUser
rdey,StandardUser
rh0020,StandardUser
bpbaker,StandardUser
pklinkhachorn,StandardUser
dhunter,StandardUser
blpalmer,StandardUser
hressetar,StandardUser
rbolyard,StandardUser
asalm,StandardUser
mvalent,StandardUser
rwbrock,StandardUser
wstauber,StandardUser
tnurkiewicz,StandardUser
jwlewis,StandardUser
btalkington,StandardUser
sstephens,StandardUser
jconnors,StandardUser
mdavis,StandardUser
kengels,StandardUser
tmcpherson,StandardUser
syokota,StandardUser
smhileman,StandardUser
lhammer,StandardUser
rgoodman,StandardUser
kwix,StandardUser
prhower,StandardUser
rvm0005,StandardUser
trm0017,StandardUser
ratcliffk,StandardUser
er0905,StandardUser
mpw0007,StandardUser
jmj0043,StandardUser
yt0015,StandardUser
jti0003,StandardUser
vsf0001,StandardUser
jnharman,StandardUser
km0007,StandardUser
hlk0013,StandardUser
meh0067,StandardUser
jdgross,StandardUser
hyu,StandardUser
ebowdrid,StandardUser
drcorbin,StandardUser
selewis,StandardUser
sh0108,StandardUser
xuren,StandardUser
dpsiderovski,StandardUser
vssetola,StandardUser
mm0256,StandardUser
jwsimpkins,StandardUser
snsarkar,StandardUser
tbatchelor,StandardUser
jah0118,StandardUser
kwoodfork,StandardUser
cvandyke,StandardUser
jfedan,StandardUser
wgoldsmi,StandardUser
hehu,StandardUser
elengler,StandardUser
cta0008,StandardUser
eek0003,StandardUser
amm0153,StandardUser
shardy,StandardUser
gnesselrod,StandardUser
smg0043,StandardUser
dwporter,StandardUser
mpaternostro,StandardUser
ikelley,StandardUser
sod0002,StandardUser
lkhildebrand,StandardUser
msc00001,StandardUser
jp0087,StandardUser
mromeo2,StandardUser
aborgia,StandardUser
mat0029,StandardUser
cmyers,StandardUser
csb0018,StandardUser
bb0111,StandardUser
dcb0026,StandardUser
mbyron,StandardUser
SDW2017004,Resource
SDW2017001,Resource
SDW2015005,Resource
SDW2015002,Resource
SDL2016003,Resource
SDW2017003,Resource
SDW2013006,Resource
SDW2017002,Resource
SDW13050-EN,Resource
SDW2017006,Resource
SDW13008-OR,Resource
SDW2013004,Resource
SDW13005-OR,Resource
SDW2015001,Resource
SDW13051-EN,Resource
SDW2013005,Resource
SDW13045-IC,Resource
SDW2017005,Resource
SDW13003-OR,Resource
SDW13052-EN,Resource
SDW13002-OR,Resource
SDW13006-PD,Resource
SDL16054-OS,Resource
SOD-OR-2,Resource
SOD-OR-5,Resource
SOD-OR-7,Resource
SOD-SIMLAB-6,Resource
SOD-SIMLAB-5,Resource
SOD-SIMLAB-7,Resource
SDL16052-OS,Resource
Sdw13023-en,Resource
Sdw13031-en,Resource
SDA18003,Resource
SDW13068-CA,Resource
SDA18009,Resource
SDW13030-CA,Resource
SDA18008,Resource
Sdw13024-en,Resource
SDA18006,Resource
Sdw13029-en,Resource
SDA18004,Resource
Sdw13026-en,Resource
SDA18007,Resource
SDA18001,Resource
sdw16013-kavo,Resource
SDA18005,Resource
SDW13083-PD,Resource
SDA18011,Resource
SDW13082-PD,Resource
SDA18010,Resource
SDA18012,Resource
SDA18002,Resource
SDW15075-LC,Resource
AA-krodney-test1,Resource
SDW15072-LC,Resource
SDW15074-LC,Resource
SDW15067-LC,Resource
SDW15076-LC,Resource
SDW16035-EN,Resource
SDW15065-LC,Resource
SDW15071-LC,Resource
SDW15066-LC,Resource
SDW15070-LC,Resource
SDW15068-LC,Resource
SDW15069-LC,Resource
SDW15073-LC,Resource
SDL16043-OS,Resource
SOD-STC-068,Resource
SDL16046-PD,Resource
SDL16045-OS,Resource
SDL16035-OS,Resource
SDL16034-PD,Resource
SDL16042-OS,Resource
SOD-OS-1179D,Resource
SDL16040-OS,Resource
SOD-CS-1041C-1,Resource
SDL16041-OS,Resource
SOD-CS-1041C-3,Resource
SOD-CS-1041C-5,Resource
SDL16049-EN,Resource
SDL16032-PD,Resource
SOD-CS-1041C-2,Resource
SDW13085-EN,Resource
SOD-STC-4513-05,Resource
SDL16039-OS,Resource
SDL16053-DO,Resource
SOD-CS-1041C-4,Resource
SDL2012002,Resource
SDL16038-OS,Resource
SOD-STC-4513-08,Resource
SDL16037-OS,Resource
SDL2016002,Resource
SDL16044-OS,Resource
SDW2013009,Resource
SDL16036-OS,Resource
SDL2012003,Resource
SOD-STC-019,Resource
SDW15021-LC,Resource
SDW15011-LC,Resource
SDW13117-PR,Resource
SDW15016-LC,Resource
SDW15025-LC,Resource
SDL16025-LC,Resource
SDW15012-LC,Resource
SDW15018-LC,Resource
SDW15017-LC,Resource
SDW15022-LC,Resource
SOD-OS-1179B,Resource
SDW15023-LC,Resource
SOD-OS-1179C,Resource
SDW15015-LC,Resource
SOD-OS-1181C,Resource
SDW15024-LC,Resource
SDL16028-LC,Resource
sod-stc-gdx700,Resource
SDW15027-LC,Resource
SDW12015-PD,Resource
SOD-STC-4513-SX,Resource
SDL16029-LC,Resource
SDL16031-DS,Resource
SDW15028-LC,Resource
SDL16030-DS,Resource
SDL16027-LC,Resource
SDL16014-PD,Resource
SDW15026-LC,Resource
SOD-STC-003,Resource
SDW15013-LC,Resource
SOD-LC-B03,Resource
SDW15019-LC,Resource
SOD-EN-02,Resource
SDW15031-LC,Resource
SOD-RD-EMRG01,Resource
SDL16024-LC,Resource
SOD-STC-012,Resource
SDW15030-LC,Resource
SOD-LC-D08,Resource
SDW15014-LC,Resource
SOD-LC-A013,Resource
SDW15020-LC,Resource
SOD-EN-05,Resource
SDW15029-LC,Resource
SOD-LC-D01,Resource
SDL16026-LC,Resource
SOD-LC-A02,Resource
SOD-LC-B013,Resource
SDW13081-DS,Resource
SOD-LC-C012,Resource
SDW13084,Resource
SOD-SCR-7,Resource
SOD-LC-C05,Resource
SOD-LC-A010,Resource
SOD-PSP2,Resource
SOD-LC-B3,Resource
SOD-LC-C04,Resource
SDW2013010,Resource
SOD-LC-B07,Resource
SDW2013001,Resource
SDA17009-OS,Resource
SOD-STC-007,Resource
SDW2013002,Resource
SDW2013013,Resource
SOD-DG-10,Resource
SDW2013003,Resource
SDW2013017,Resource
SDL16013-EN,Resource
SOD-EN-OP3,Resource
SDW2013012,Resource
SDL16010-EN,Resource
SDW13056-DG,Resource
SOD-LC-D011,Resource
SDW2013016,Resource
SDL16012-EN,Resource
SDW13058-DG,Resource
SOD-STC-015,Resource
SDW2013011,Resource
SDL16008-EN,Resource
SDW13047-DG,Resource
SOD-EN-OP2,Resource
SDL16007-EN,Resource
SDW13057-DG,Resource
SOD-LC-D010,Resource
SDL16014-EN,Resource
SDW13059-DG,Resource
SOD-LC-A04,Resource
SDL16009-EN,Resource
SDW13046-PE,Resource
SOD-LC-C010,Resource
SDL16006-EN,Resource
SOD-LC-C01,Resource
SDW13049-EN,Resource
SOD-LC-B09,Resource
SDL16004-EN,Resource
SOD-STC-013,Resource
SDL16005-EN,Resource
SOD-EN-16,Resource
SDL16011-EN,Resource
SOD-DG-2,Resource
SDL16008,Resource
SOD-SCR-9,Resource
SDL16040,Resource
SOD-LC-C011,Resource
SDL16041,Resource
SOD-SCR-6,Resource
SDL16036,Resource
SOD-LC-A07,Resource
SOD-DG-8,Resource
SDL16016-DS,Resource
SOD-LC-D02,Resource
SDW12009-DS,Resource
SDL16023-DS,Resource
SOD-STC-CONE,Resource
SDW12008-DS,Resource
SDL16021-DS,Resource
SOD-LC-D04,Resource
SDW12014-DS,Resource
SDL16020-DS,Resource
SOD-LC-D03,Resource
SDW12012-DS,Resource
SDL16017-DS,Resource
SOD-STC-008,Resource
SDW12007-DS,Resource
SDL16019-DS,Resource
SOD-LC-C014,Resource
SDW12011-DS,Resource
SDL16022-DS,Resource
SOD-LC-C03,Resource
SDW12002-DS,Resource
SDL16018-DS,Resource
SOD-DG-9,Resource
SDW13034-OR,Resource
SOD-EN-XRAY02,Resource
SDW13035-OR,Resource
SDL16015-DS,Resource
SOD-LC-A08,Resource
SDW12004-DS,Resource
SOD-LC-A012,Resource
SDW12006-DS,Resource
SOD-LC-B012,Resource
SOD-DG-1007a-2,Resource
SDW12003-DS,Resource
SOD-STC-006,Resource
SOD-OR-4,Resource
SDW12001-DS,Resource
SOD-LC-B05,Resource
SOD-LAB-1,Resource
SOD-EN-CONF,Resource
SDW12013-DS,Resource
SOD-SCR-012,Resource
SOD-STC-016,Resource
SDW12005-DS,Resource
SOD-LC-C07,Resource
SOD-1042D,Resource
SDW13038-PR,Resource
SOD-LC-C09,Resource
SOD-OS-1179A,Resource
SDW12010-DS,Resource
SOD-LC-A09,Resource
SOD-OS-ROOM7,Resource
SOD-OR-9,Resource
SDW12015-DS,Resource
SDW17005-IC,Resource
SOD-LC-D09,Resource
SOD-STC-033,Resource
SOD-CP-04,Resource
SDW17003-IC,Resource
SOD-LC-B011,Resource
SOD-LC-D13,Resource
SOD-1096-10,Resource
SDW13061-DG,Resource
SDW17001-IC,Resource
SOD-STC-004,Resource
SOD-STC-089,Resource
SOD-CP-03,Resource
SDW13032-PD,Resource
SDW17004-IC,Resource
SOD-LC-B06,Resource
SOD-STC-036,Resource
STC-DGP-CON2,Resource
SDW13055-PD,Resource
SDW17002-IC,Resource
SOD-EN-06,Resource
SOD-RD-CONE,Resource
STC-DGP-PART,Resource
SDW13054-PD,Resource
SOD-STC-002,Resource
SOD-OS-MP,Resource
STC-DGP-CONF,Resource
SDW13056-PE,Resource
SDW13022-PD,Resource
SOD-EN-09,Resource
SOD-RADLAB-3,Resource
SOD-1095-08,Resource
SOD-LC-D013,Resource
SOD-RAD-2,Resource
SOD-DG-1016,Resource
sdw2013008,Resource
SOD-EN-14,Resource
SOD-STC-028,Resource
SOD-1042C,Resource
SDW2013007,Resource
SDL16049-OS,Resource
SOD-DG-7,Resource
SOD-OS-ROOM9,Resource
SOD-1096-7,Resource
SDL16047-OS,Resource
SOD-RD-EMRG02,Resource
SOD-STC-090,Resource
SOD-OR-1,Resource
SDL16048-OS,Resource
SOD-LC-D06,Resource
SOD-STC-080,Resource
SOD-OR-6,Resource
SOD-LC-B01,Resource
SOD-PAN22,Resource
SOD-DG-1020a-1,Resource
SOD-LC-GP-BAD,Resource
SOD-LC-B1,Resource
SOD-PRECLINIC,Resource
SOD-LC-D05,Resource
SOD-STC-082,Resource
SOD-1042I,Resource
SOD-EN-10,Resource
SOD-STC-038,Resource
SOD-FD-DS,Resource
SOD-EN-OP1,Resource
SOD-STC-031,Resource
SOD-1042F,Resource
SOD-LC-A014,Resource
SOD-IT-LOANER25,Resource
SDW13091-DG,Resource
SOD-1095-10,Resource
STC-DGP-PAN,Resource
SOD-OS-ROOM10,Resource
SOD-PD-PSP,Resource
SOD-SCR-3,Resource
SOD-STC-GX700,Resource
SOD-STC-079,Resource
SOD-PSP1,Resource
SOD-STC-081,Resource
SOD-DG-1020a-2,Resource
SOD-Endo-XRAY,Resource
SOD-STC-083,Resource
SOD-IT-LOANER08,Resource
SOD-STC-100,Resource
SOD-STC-027,Resource
SOD-DG-1018,Resource
SOD-LC-C06,Resource
SOD-OS-ROOM8,Resource
SOD-DS-lab1,Resource
SDW15061-LC,Resource
SOD-STC-009,Resource
SOD-STC-088,Resource
SOD-IT-ACRED4,Resource
SDW15041-LC,Resource
SOD-EN-OP4,Resource
SOD-STC-029,Resource
SOD-STC-020,Resource
SDW15043-LC,Resource
SOD-PSP3,Resource
STC-OR-FD,Resource
SOD-CP-07,Resource
SDW15064-LC,Resource
SOD-STC-005,Resource
SOD-STC-FACE,Resource
SOD-LC-1040-GP4,Resource
SDW15053-LC,Resource
SOD-SCR-010,Resource
SOD-STC-086,Resource
SOD-IT-MAC1,Resource
SDW15046-LC,Resource
SOD-LC-D012,Resource
SOD-STC-078,Resource
SOD-LC-1040-GP6,Resource
SDW15062-LC,Resource
SOD-EN-07,Resource
SOD-STC-023,Resource
SOD-OR-10,Resource
SDW15045-LC,Resource
SOD-DG-5,Resource
SOD-OS-ROOM5,Resource
SOD-PD-FD1,Resource
SDW15052-LC,Resource
SOD-RD-EMRG03,Resource
SOD-OS-ROOM4,Resource
SOD-CP-06,Resource
SDW15040-LC,Resource
SOD-SCR-8,Resource
SOD-OS-STAFF,Resource
SOD-OR-CONF01,Resource
SDW18006,Resource
SDW15059-LC,Resource
SOD-SCR-4,Resource
SOD-LC-C4,Resource
SOD-1096-8,Resource
SDW18005,Resource
SDW15044-LC,Resource
SOD-LC-A03,Resource
SOD-EN-XRAY,Resource
SOD-OR-3,Resource
SDW18004,Resource
SDW15049-LC,Resource
SOD-LC-A06,Resource
SOD-STC-032,Resource
SOD-PREVIEW,Resource
SDW18002,Resource
SDW15039-LC,Resource
SOD-LC-A01,Resource
SOD-STC-085,Resource
SOD-LC-1040-GP1,Resource
SDW18007,Resource
SDW15054-LC,Resource
SOD-EN-044,Resource
SOD-RADLAB-1,Resource
SOD-1042H,Resource
SDW18003,Resource
SDW15047-LC,Resource
SOD-LC-B08,Resource
SOD-STC-084,Resource
SOD-1095-04,Resource
SDW15042-LC,Resource
SOD-LC-C02,Resource
SOD-OS-ROOM1,Resource
SOD-1042B,Resource
SDW15056-LC,Resource
SOD-LC-B014,Resource
SOD-OS-ROOM3,Resource
SOD-CP-02,Resource
SDW15063-LC,Resource
SOD-LC-D07,Resource
SOD-LC-B6,Resource
SOD-1096-6,Resource
SDW15055-LC,Resource
SOD-STC-SCAN1,Resource
SOD-OS-ROOM6,Resource
SOD-STC-PROS3F,Resource
SDW15057-LC,Resource
SOD-LC-B010,Resource
SOD-PEDO-01,Resource
SOD-DG-1007a-1,Resource
SDW15050-LC,Resource
SOD-LC-B04,Resource
SOD-LC-C2,Resource
SOD-1096-5,Resource
SDW15060-LC,Resource
SOD-DG-4,Resource
SOD-RAD-PAN2,Resource
SOD-DG-1017,Resource
SDW15048-LC,Resource
SOD-DG-3,Resource
SOD-STC-077,Resource
SOD-1096-9,Resource
SDW15058-LC,Resource
SOD-SCR-011,Resource
SOD-STC-030,Resource
SOD-DGP-005,Resource
SDW15051-LC,Resource
SOD-DG-11,Resource
SOD-OS-ROOM2,Resource
SOD-DGP-PSP01,Resource
SDW13053-EN,Resource
SOD-SCR-5,Resource
SOD-STC-087,Resource
SOD-1042E,Resource
SDW15032-LC,Resource
SOD-STC-010,Resource
SOD-PEDO-02,Resource
SOD-OR-15,Resource
SDW15038-LC,Resource
SOD-STC-102,Resource
SOD-RADLAB-2,Resource
SOD-1095-05,Resource
SDW15037-LC,Resource
SOD-LC-C013,Resource
SOD-RD-3,Resource
SOD-OR-8,Resource
SDW15035-LC,Resource
SOD-LC-B02,Resource
SOD-STC-026,Resource
SOD-STC-065,Resource
SDW15036-LC,Resource
SOD-DG-6,Resource
SOD-STC-063,Resource
SDW15033-LC,Resource
SOD-LC-A05,Resource
SOD-OS-ROOM11,Resource
SOD-LC-1040-GP3,Resource
SDW15034-LC,Resource
SOD-LC-A011,Resource
SOD-STC-039,Resource
SOD-1042A,Resource
SOD-DG-1,Resource
SOD-LC-C6,Resource
SOD-CP-01,Resource
SOD-STC-034,Resource
SOD-CP-05,Resource
SOD-1096-3,Resource
SDW2017010,Resource
sod-cs-new,Resource
SOD-STC-451210D,Resource
SDW13016-PD,Resource
SOD-1095-03,Resource
SOD-STC-453106A,Resource
SOD-1095-01,Resource
SOD-DS-G145,Resource
SOD-1095-06,Resource
SDL2014001,Resource
SOD-1042G,Resource
SOD-STC-451210P,Resource
SOD-OR-11,Resource
SOD-1115A,Resource
sod-gpr-res1,Resource
SOD-1096-2,Resource
SOD-DS-lab2,Resource
SOD-PD-FD2,Resource
SOD-1095-07,Resource
SOD-LC-1040-GP5,Resource
SOD-1095-11,Resource
SOD-LC-1040-GP2,Resource
SDW13088-CP,Resource
SOD-1096-4,Resource
SOD-DGP-007,Resource
SOD-STC-ORCON,Resource
SOD-OS-BR,Resource
FISHBOWL02,Resource
SOD-ITS-DCR,Resource
SOD-1096-1,Resource
SOD-1096a,Resource
SOD-1095-09,Resource
SOD-1095-02,Resource
SOD-1096-11,Resource
SOD-1042J,Resource
SDL16003-EN,Resource
SDW18011,Resource
SDW2012001,Resource
SDL18011,Resource
arvalenzuela,StandardUser
and0034,StandardUser
kf0032,StandardUser
vrbovard,StandardUser
clt0027,StandardUser
tmoore18,StandardUser
acrivell,StandardUser
raengle,StandardUser
jlsnyder,StandardUser
gmanile,StandardUser
aaalshamali,StandardUser
nhdamarputra,StandardUser
tcquinones,StandardUser
mfletch9,StandardUser
cwhamilton,StandardUser
emm0028,StandardUser
dpm0021,StandardUser
srs0070,StandardUser
acblatt,StandardUser
gtc0005,StandardUser
tmlamp,StandardUser
aolusk,StandardUser
slbryner,StandardUser
bcc0023,StandardUser
bak0030,StandardUser
jsolensk,StandardUser
mmnugent,StandardUser
mkb0038,StandardUser
tpstanley,StandardUser
nchaudhr,StandardUser
ka0101,StandardUser
ha0096,StandardUser
nd0037,StandardUser
msivane1,StandardUser
dlmeadows,StandardUser
pap0017,StandardUser
gmwarner,StandardUser
prdurkin,StandardUser
cdl0023,StandardUser
mjd0055,StandardUser
kjp0012,StandardUser
mep0030,StandardUser
akhaddix,StandardUser
cdh0040,StandardUser
kyalansary,StandardUser
crkillmer,StandardUser
hya0002,StandardUser
tjs0060,StandardUser
smr0027,StandardUser
amv0015,StandardUser
kncummings,StandardUser
mlackey,StandardUser
alvavrick,StandardUser
cf0032,StandardUser
sww0004,StandardUser
hlc0016,StandardUser
anm0027,StandardUser
rab0038,StandardUser
sa0086,StandardUser
kms0002,StandardUser
cah0052,StandardUser
hnm0011,StandardUser
kjl0012,StandardUser
nm0042,StandardUser
anhott,StandardUser
zew0001,StandardUser
mlhoward,StandardUser
kcs0007,StandardUser
esgreen,StandardUser
kol0001,StandardUser
mls0010,StandardUser
verutherford,StandardUser
ant0002,StandardUser
pcwimmer,StandardUser
sshawk,StandardUser
abg0002,StandardUser
bms0006,StandardUser
mrfox,StandardUser
necampbell,StandardUser
tf0005,StandardUser
jrj0002,StandardUser
zyjohnson,StandardUser
ktr0003,StandardUser
mpd0001,StandardUser
erlongerbeam,StandardUser
hrn0001,StandardUser
mlmullenax,StandardUser
gmm0002,StandardUser
albauer,StandardUser
msf0013,StandardUser
mlwetzel,StandardUser
evstricklen,StandardUser
anwithrow,StandardUser
lebeardsley,StandardUser
mgfisher,StandardUser
hmvecchio,StandardUser
rcdewey,StandardUser
emattaway,StandardUser
tdbunting,StandardUser
mx0002,StandardUser
ctbaker,StandardUser
aellis13,StandardUser
mnlongwell,StandardUser
kepase,StandardUser
emhelmstetter,StandardUser
kncook,StandardUser
mjthompson,StandardUser
tsc0011,StandardUser
kmp0043,StandardUser
err0009,StandardUser
mmr0026,StandardUser
crs0049,StandardUser
nac0028,StandardUser
ben0005,StandardUser
alc0050,StandardUser
leb0034,StandardUser
dl0065,StandardUser
rep0016,StandardUser
kbz0002,StandardUser
las0057,StandardUser
msw0025,StandardUser
cls0070,StandardUser
krw0026,StandardUser
jec0043,StandardUser
hpg0006,StandardUser
bmf0019,StandardUser
kmb0087,StandardUser
mlh0051,StandardUser
mlz0002,StandardUser
wmdabeek,StandardUser
blbachner,StandardUser
xuxie,StandardUser
dtbailey,StandardUser
abbishop,StandardUser
cmb0098,StandardUser
mwkhan,StandardUser
aaalterki,StandardUser
mfj0003,StandardUser
bnl00001,StandardUser
mhalhalak,StandardUser
bja0015,StandardUser
gavolk,StandardUser
nbp0006,StandardUser
crs0083,StandardUser
slphelix,StandardUser
lms0068,StandardUser
el0038,StandardUser
mbh0028,StandardUser
ght0003,StandardUser
pkp0003,StandardUser
gth0006,StandardUser
bajoseph,StandardUser
arf0023,StandardUser
jpp0022,StandardUser
amperdue,StandardUser
ktbird,StandardUser
bdd0011,StandardUser
mgilkers,StandardUser
cll0003,StandardUser
jtgoots,StandardUser
brcarver,StandardUser
rcm00001,StandardUser
cnpreston,StandardUser
edc0015,StandardUser
maibraheem,StandardUser
arnoah,StandardUser
jp0158,StandardUser
apfritz,StandardUser
hlp0003,StandardUser
lawebb,StandardUser
jhbutler,StandardUser
eet0013,StandardUser
vk00001,StandardUser
km0160,StandardUser
faatsh,StandardUser
jbwilfong,StandardUser
klpitchok,StandardUser
mrkalaskey,StandardUser
khhossino,StandardUser
snhamrick,StandardUser
rspoint,StandardUser
khickma2,StandardUser
mharwell,StandardUser
kfullen,StandardUser
cmduplaga,StandardUser
cstrubin,StandardUser
mnowery,StandardUser
ehrtyans,StandardUser
mhcampbell,StandardUser
emvalentine,StandardUser
medward5,StandardUser
mferrar3,StandardUser
kschessl,StandardUser
eghatten,StandardUser
cmallow1,StandardUser
lmroncaglione,StandardUser
loliver4,StandardUser
mbishop3,StandardUser
apelehac,StandardUser
bphilli6,StandardUser
ksholtzapple,StandardUser
djwalter,StandardUser
dzegeer,StandardUser
bwood3,StandardUser
wtmcwatters,StandardUser
cswiger2,StandardUser
mrpetrides,StandardUser
momeky,StandardUser
faranjbaran,StandardUser
jcdillon,StandardUser
chester,StandardUser
malnahyo,StandardUser
schardy,StandardUser
amarra4,StandardUser
jsfinelli,StandardUser
jdahshan,StandardUser
zidiab,StandardUser
cnliston,StandardUser
emh0006,StandardUser
arshamsai,StandardUser
bwsmith1,StandardUser
npalmer1,StandardUser
carainey,StandardUser
lnbakos,StandardUser
rnb0008,StandardUser
kgalbrea,StandardUser
amsecret,StandardUser
smmichaels,StandardUser
mdrake,StandardUser
dwadswo1,StandardUser
aruble,StandardUser
haali,StandardUser
nzs0002,StandardUser
smklenk,StandardUser
jrthompson,StandardUser
rmarino1,StandardUser
ciholloway,StandardUser
mpopp,StandardUser
zjatiah,StandardUser
mhypes4,StandardUser
mconde,StandardUser
mjkimble,StandardUser
nsp0003,StandardUser
maalzaid,StandardUser
lfs0003,StandardUser
jlwilliams,StandardUser
etgompers,StandardUser
zrmurphy,StandardUser
imweaver,StandardUser
tguthrie,StandardUser
mbgresham,StandardUser
teferrari,StandardUser
eharper6,StandardUser
cmpayne,StandardUser
trmyers,StandardUser
aander38,StandardUser
ykassar,StandardUser
mnkesecker,StandardUser
omason,StandardUser
bcbish,StandardUser
chrein,StandardUser
aballeng,StandardUser
mkanosky,StandardUser
pmsouthall,StandardUser
mimuzaffer,StandardUser
jthorne3,StandardUser
jrkorcsmaros,StandardUser
badolin,StandardUser
scprince,StandardUser
bel0004,StandardUser
lsh0007,StandardUser
ajr0032,StandardUser
bgl0002,StandardUser
rjcicchino,StandardUser
namardmomen,StandardUser
zja0002,StandardUser
lmveneri,StandardUser
ndahlhei,StandardUser
tmmando,StandardUser
mldolan,StandardUser
dzrabinovich,StandardUser
bmh0032,StandardUser
hekassar,StandardUser
mjt0027,StandardUser
amkaou,StandardUser
nmshah,StandardUser
plg0005,StandardUser
ech0014,StandardUser
brnanners,StandardUser
msmathai,StandardUser
dathieroff,StandardUser
cmenns,StandardUser
may0004,StandardUser
masnodgress,StandardUser
gaskaggs,StandardUser
bmeadow1,StandardUser
jhughe25,StandardUser
cmklug,StandardUser
sdstear,StandardUser
nbbalash,StandardUser
tray3,StandardUser
jsnyde27,StandardUser
bbarnet4,StandardUser
jdlokant,StandardUser
srbowers,StandardUser
btcoburn,StandardUser
ramando,StandardUser
sbk0003,StandardUser
mjs0082,StandardUser
jrg0025,StandardUser
arp0024,StandardUser
smh0065,StandardUser
jst0018,StandardUser
mlf0044,StandardUser
kpacilli,StandardUser
mpn0009,StandardUser
dosborn1,StandardUser
sebecker,StandardUser
ga0017,StandardUser
ms0108,StandardUser
selarue,StandardUser
js0152,StandardUser
ka0115,StandardUser
camartin,StandardUser
clmartin,StandardUser
jharper,StandardUser
ttremont,StandardUser
msw0029,StandardUser
ctrejo,StandardUser
namarquart,StandardUser
cgbrooks,StandardUser
cil0004,StandardUser
rwiener2,StandardUser
mkoepke1,StandardUser
jrbouquot,StandardUser
tsimpso1,StandardUser
jlopetro,StandardUser
aspugh,StandardUser
vlazuka,StandardUser
jgrubb2,StandardUser
rdinsmore,StandardUser
rmeckstroth,StandardUser
bawalters,StandardUser
creed,StandardUser
lyely,StandardUser
dpompili,StandardUser
dault,StandardUser
dvnajar,StandardUser
dmcintyre,StandardUser
gcunningham2,StandardUser
bdye,StandardUser
lyura,StandardUser
sfaltot,StandardUser
amerbedone,StandardUser
acamele1,StandardUser
tchipps,StandardUser
mimason,StandardUser
syoung23,StandardUser
wam0001,StandardUser
msbryington,StandardUser
vperrine,StandardUser
mrichards,StandardUser
fmastalerz,StandardUser
bshipe,StandardUser
mjmeador,StandardUser
aadams13,StandardUser
swc0002,StandardUser
woscanyan,StandardUser
fsp0002,StandardUser
sojeong,StandardUser
kmcory,StandardUser
jablanco,StandardUser
rmp0001,StandardUser
mrt0023,StandardUser
lgroover,StandardUser
asowards,StandardUser
afunk,StandardUser
akshockey,StandardUser
mgaydos,StandardUser
clinic,StandardUser
ans0100,StandardUser
jff0009,StandardUser
kreynol6,StandardUser
pn0002,StandardUser
reeseb,StandardUser
acain1,StandardUser
swisewat,StandardUser
lad10044,StandardUser
mepretzel,StandardUser
rjm0031,StandardUser
eao0007,StandardUser
kazarembarabatin,StandardUser
rwilt1,StandardUser
aa0313,StandardUser
ehardma2,StandardUser
dhchoi,StandardUser
rwanker,StandardUser
krthorn,StandardUser
hhreed,StandardUser
morgans,StandardUser
sp0121,StandardUser
ma0202,StandardUser
mpowley,StandardUser
gps0002,StandardUser
kthomas5,StandardUser
jwolford,StandardUser
vs0025,StandardUser
gharper,StandardUser
mevans11,StandardUser
mghalichebaf,StandardUser
mharper4,StandardUser
nchertok,StandardUser
twgough,StandardUser
clibby,StandardUser
lgray1,StandardUser
kls0090,StandardUser
ltyler,StandardUser
mfh0012,StandardUser
hq0003,StandardUser
cwaters,StandardUser
sbw0017,StandardUser
rmclingerman,StandardUser
sprice,StandardUser
jmb0153,StandardUser
sheinze,StandardUser
lgraves,StandardUser
sjcooke,StandardUser
hrogers1,StandardUser
grd0003,StandardUser
krs0083,StandardUser
wg0005,StandardUser
ggrazian,StandardUser
ard0025,StandardUser
pdavis,StandardUser
tbonasso,StandardUser
aclondon,StandardUser
aas0029,StandardUser
alm10002,StandardUser
acollin6,StandardUser
tll0032,StandardUser
rusinackm,StandardUser
jdb0079,StandardUser
ajhunter,StandardUser
haidd,StandardUser
cre0018,StandardUser
jberlin,StandardUser
ajw0064,StandardUser
ybilovol,StandardUser
aml0080,StandardUser
ram0072,StandardUser
wblack2,StandardUser
sag0001,StandardUser
mdm0002,StandardUser
esw00001,StandardUser
janorth,StandardUser
jmm0090,StandardUser
vcsmith,StandardUser
bhedrick,StandardUser
sniederriter,StandardUser
dsauter,StandardUser
jmc0066,StandardUser
mclingerman,StandardUser
lnicholas,StandardUser
kjohns37,StandardUser
lveselicky,StandardUser
caboyce,StandardUser
rwence,StandardUser
ricep,StandardUser
ssw0005,StandardUser
rljelliff,StandardUser
cglover,StandardUser
joconway,StandardUser
cbraham,StandardUser
msturms,StandardUser
cfmangie,StandardUser
ldhess,StandardUser
tibragg,StandardUser
mbagby,StandardUser
wridenour,StandardUser
llisauckis,StandardUser
aalkire,StandardUser
mer10054,StandardUser
crodeheaver,StandardUser
jsp0023,StandardUser
mscott,StandardUser
hdm0020,StandardUser
mjjones1,StandardUser
as0290,StandardUser
rbland,StandardUser
clphalen,StandardUser
memalakpour,StandardUser
pfreed,StandardUser
dmcneil,StandardUser
wei0001,StandardUser
klg0031,StandardUser
crg0026,StandardUser
afmangie,StandardUser
bstafford,StandardUser
cdebiase,StandardUser
mpsperry,StandardUser
smacquisto,StandardUser
bfansler,StandardUser
cwisser,StandardUser
smslaughter,StandardUser
bakordusky,StandardUser
sbolyar2,StandardUser
mem0093,StandardUser
kln0013,StandardUser
ljbrown,StandardUser
jojunior,StandardUser
csm0028,StandardUser
gg0029,StandardUser
klb0053,StandardUser
jvf0004,StandardUser
ecc0016,StandardUser
hmclean,StandardUser
aberes,StandardUser
jmmcmillen,StandardUser
kjohnston,StandardUser
bdadisman,StandardUser
cmmiller,StandardUser
jhughe29,StandardUser
tad00001,StandardUser
crabtreed,StandardUser
donovanc,StandardUser
rjl10015,StandardUser
bbarmar,StandardUser
hunte_research,Resource
wvuhclouduser,Resource
ekw00001,StandardUser
kss00002,StandardUser
hl0036,StandardUser
mm0349,StandardUser
sm0238,StandardUser
whr00001,StandardUser
ak0178,StandardUser
dpham,StandardUser
mhh0006,StandardUser
sp0043,StandardUser
nashah,StandardUser
md0100,StandardUser
mosalkeni,StandardUser
askanate,StandardUser
jak0039,StandardUser
hlf0001,StandardUser
rw0056,StandardUser
nhfei,StandardUser
kgr0008,StandardUser
fs00002,StandardUser
ss0298,StandardUser
cashultz,StandardUser
acd0019,StandardUser
shall19,StandardUser
fancherj,StandardUser
aduckwor,StandardUser
craigm,StandardUser
sow0001,StandardUser
ak0049,StandardUser
kmb0036,StandardUser
nd0048,StandardUser
ss0304,StandardUser
aa0438,StandardUser
jynasr,StandardUser
sbbrady,StandardUser
jkupec,StandardUser
rlmoran,StandardUser
pcassis1,StandardUser
wrh0013,StandardUser
btl00001,StandardUser
razulfikar,StandardUser
carsont,StandardUser
sshahkha,StandardUser
npatel7,StandardUser
yha00001,StandardUser
bodena,StandardUser
ra0089,StandardUser
aa0265,StandardUser
sstockd1,StandardUser
ac0224,StandardUser
ch2042,StandardUser
chwinters,StandardUser
mroidad,StandardUser
mw0138,StandardUser
fellowcalendar,Resource
bj0015,StandardUser
mazond,StandardUser
lislem,StandardUser
jcavend4,StandardUser
bmwyant,StandardUser
halbritterk,StandardUser
abyousaf,StandardUser
rap0003,StandardUser
msk0012,StandardUser
sfj0002,StandardUser
tpwells,StandardUser
wf00001,StandardUser
rmhagen,StandardUser
kai0002,StandardUser
md0067,StandardUser
ron0001,StandardUser
cm0229,StandardUser
ekmokaya,StandardUser
kpage,StandardUser
new0006,StandardUser
HoffmannProxy,Resource
miforte,StandardUser
at0130,StandardUser
amittal,StandardUser
ma0190,StandardUser
rgsangani,StandardUser
raj0006,StandardUser
ahinerm2,StandardUser
sph0001,StandardUser
ss0291,StandardUser
nrmodi,StandardUser
mma0063,StandardUser
eer0019,StandardUser
ha0115,StandardUser
nmm0044,StandardUser
srogers4,StandardUser
as0296,StandardUser
ljb0002,StandardUser
ad0054,StandardUser
wbh0004,StandardUser
ee0005,StandardUser
mpoling,StandardUser
mfavro,StandardUser
dk0053,StandardUser
ma0261,StandardUser
snbowley,StandardUser
apgeorge,StandardUser
vc0031,StandardUser
wallacek,StandardUser
mk00002,StandardUser
sb00003,StandardUser
ysh0002,StandardUser
jl0033,StandardUser
vn0012,StandardUser
zc0006,StandardUser
hgr0002,StandardUser
rma0017,StandardUser
srt0024,StandardUser
dew0018,StandardUser
cda0017,StandardUser
iz0008,StandardUser
djg0039,StandardUser
bmg0024,StandardUser
kbc0017,StandardUser
dcp0001,StandardUser
na0046,StandardUser
aam0035,StandardUser
jhh0014,StandardUser
ma0184,StandardUser
mo0049,StandardUser
bp00001,StandardUser
as0236,StandardUser
im0033,StandardUser
ga0023,StandardUser
ss00008,StandardUser
fas00001,StandardUser
oo00001,StandardUser
sb0156,StandardUser
tdf0009,StandardUser
cmb0072,StandardUser
pjm0016,StandardUser
dp10005,StandardUser
pra00001,StandardUser
ms00002,StandardUser
klj0020,StandardUser
harclerodel,StandardUser
mpiccir1,StandardUser
mac0095,StandardUser
dmc0037,StandardUser
cmb0064,StandardUser
sdm0032,StandardUser
as0306,StandardUser
knpatel,StandardUser
pfarjo,StandardUser
jc0183,StandardUser
bdr0010,StandardUser
drs0032,StandardUser
sr0043,StandardUser
lmf0017,StandardUser
ish0003,StandardUser
mmm0129,StandardUser
atrabulsi,StandardUser
bms0032,StandardUser
kmf0039,StandardUser
gcv0001,StandardUser
harclerodelproxy,Resource
sabatinoh,StandardUser
mbm0030,StandardUser
ggs0006,StandardUser
asa0031,StandardUser
jll0035,StandardUser
murahim,StandardUser
ejsabatino,StandardUser
em0033,StandardUser
whogan,StandardUser
safink,StandardUser
groman1,StandardUser
skeesee,StandardUser
ska0011,StandardUser
hh0028,StandardUser
cmdionne,StandardUser
lmille40,StandardUser
sksankineni,StandardUser
rat0011,StandardUser
nt0002,StandardUser
emm0056,StandardUser
kmb0082,StandardUser
jturne13,StandardUser
mm0271,StandardUser
al0119,StandardUser
mzk0002,StandardUser
suk0001,StandardUser
rwcarvajal,StandardUser
lem0028,StandardUser
tnewcomb,StandardUser
rmw0015,StandardUser
hssom38ed,StandardUser
mld0019,StandardUser
eci0003,StandardUser
ell0001,StandardUser
jguido1,StandardUser
zte00001,StandardUser
beckb,StandardUser
muk0001,StandardUser
lcook4,StandardUser
jwelty,StandardUser
jthomps8,StandardUser
zd0010,StandardUser
hub00001,StandardUser
vlm0002,StandardUser
nnk0002,StandardUser
gravleyj,StandardUser
nbryan2,StandardUser
dd0013,StandardUser
msk0002,StandardUser
cac0115,StandardUser
cashaw,StandardUser
keebert,StandardUser
xl0024,StandardUser
mh0116,StandardUser
lnl0017,StandardUser
jeb0077,StandardUser
skf0010,StandardUser
sm0096,StandardUser
kdarbandi,StandardUser
mg0157,StandardUser
kb0178,StandardUser
mjhawar,StandardUser
clarksonc,StandardUser
lah10058,StandardUser
am0176,StandardUser
hssom0318,StandardUser
sv0023,StandardUser
hsmeda8450,StandardUser
sam0117,StandardUser
ys0029,StandardUser
cww0008,StandardUser
hja0012,StandardUser
ra0083,StandardUser
vb0025,StandardUser
sk0147,StandardUser
ea0054,StandardUser
pskaff,StandardUser
thn0002,StandardUser
jlf0052,StandardUser
sfn0002,StandardUser
za0012,StandardUser
dbm0020,StandardUser
ybh0001,StandardUser
mlokant1,StandardUser
tsc0014,StandardUser
pp0024,StandardUser
jrp0032,StandardUser
jlindsa2,StandardUser
wsf00001,StandardUser
spockl,StandardUser
fc0004,StandardUser
sr0040,StandardUser
sn0033,StandardUser
hm0052,StandardUser
ms0174,StandardUser
selliso1,StandardUser
alabus,StandardUser
nrc0017,StandardUser
pjaganna,StandardUser
amb0074,StandardUser
rvs0002,StandardUser
ee0010,StandardUser
ra0034,StandardUser
cbeatty2,StandardUser
pmy0002,StandardUser
ab0182,StandardUser
jdc0035,StandardUser
mo0039,StandardUser
badamiv,StandardUser
eac0016,StandardUser
mkawsara,StandardUser
cfinch3,StandardUser
ychen6,StandardUser
bp0021,StandardUser
lrk0009,StandardUser
sshahkh1,StandardUser
sgayam,StandardUser
ja0053,StandardUser
pj0008,StandardUser
ad0093,StandardUser
akerns6,StandardUser
kamckenzie,StandardUser
rhn0001,StandardUser
bhackett,StandardUser
sjinderbitzinbrooks,StandardUser
maa0032,StandardUser
mrkrafft,StandardUser
lno0001,StandardUser
smaljohani,StandardUser
jjchan,StandardUser
ehuang1,StandardUser
hasuleiman,StandardUser
qsstanazai,StandardUser
jthunsucker,StandardUser
utrana,StandardUser
jlikens1,StandardUser
bpbhushan,StandardUser
iqazi,StandardUser
aaa0077,StandardUser
jsizemo3,StandardUser
rsk0011,StandardUser
arbailey,StandardUser
psk0003,StandardUser
egsomers,StandardUser
sa0174,StandardUser
am0244,StandardUser
smodi,StandardUser
ma0110,StandardUser
bsteward,StandardUser
ae00001,StandardUser
kchapma4,StandardUser
rnp0006,StandardUser
jsh0027,StandardUser
raleonard,StandardUser
aa0015,StandardUser
bmm0016,StandardUser
knl0015,StandardUser
abk0017,StandardUser
fhalqahtani,StandardUser
jwomack3,StandardUser
aab00001,StandardUser
alw0053,StandardUser
cjw0077,StandardUser
jeb0089,StandardUser
gbo0003,StandardUser
cking13,StandardUser
mgraves3,StandardUser
ksuter1,StandardUser
ah0198,StandardUser
ajl0050,StandardUser
jeaster2,StandardUser
sds0059,StandardUser
sko0002,StandardUser
alf0040,StandardUser
ee0026,StandardUser
tcater,StandardUser
ghb0006,StandardUser
vrv0007,StandardUser
jlthayer,StandardUser
dm0017,StandardUser
wh0006,StandardUser
barana,StandardUser
jjuskowi,StandardUser
si0014,StandardUser
jj0071,StandardUser
rhalbrit,StandardUser
wfr0004,StandardUser
mks0037,StandardUser
deo0005,StandardUser
bes0020,StandardUser
dm0119,StandardUser
aak0019,StandardUser
arooholl,StandardUser
tb0095,StandardUser
sakaur,StandardUser
aa0453,StandardUser
hzs0001,StandardUser
dz0012,StandardUser
gm0058,StandardUser
mh0174,StandardUser
jlatos,StandardUser
emw0036,StandardUser
apl0016,StandardUser
eddyau,StandardUser
brs10037,StandardUser
nbarghou,StandardUser
mkphillips,StandardUser
jmg0050,StandardUser
ah0108,StandardUser
japerini,StandardUser
slhodder,StandardUser
rreece,StandardUser
ndm0011,StandardUser
ihrigj,StandardUser
shafferlis,StandardUser
ga00001,StandardUser
jsoutherly,StandardUser
ckidd,StandardUser
dcasdorph,StandardUser
cpacak,StandardUser
jvisyak,StandardUser
deemsl,StandardUser
kburner1,StandardUser
3002minoltac224e,Resource
